Category,Feature,First listed (FortiSwitchOS),SRG requirement(s),Command to satisfy the requirement
Security Fabric,Centralized configuration,7.0.0 or earlier,NDM SRG-APP-000516-NDM-000340; NDM SRG-APP-000033-NDM-000212,FortiGate: config switch-controller managed-switch; edit <SWITCH_SN>; set fsw-wan1-admin enable; end
Security Fabric,Centralized firmware management,7.0.0 or earlier,NDM SRG-APP-000457-NDM-000352; NDM SRG-APP-001035-NDM-000340,— (FortiGate managed-switch firmware upgrade; see the FortiOS FortiSwitch guide)
Security Fabric,Automated detection and recommendations,7.0.0 or earlier,L2S SRG-NET-000512-L2S-000100,— (FortiGate Security Fabric rating; no single CLI command)
Security Fabric,Syslog collection,7.0.0 or earlier,NDM SRG-APP-000516-NDM-000350; NDM SRG-APP-000515-NDM-000325,FortiGate: config switch-controller remote-log; edit <NAME>; set status enable; set server <SYSLOG_IP>; end
Security Fabric,Device detection,7.0.0 or earlier,L2S SRG-NET-000148-L2S-000015,FortiGate: config system interface; edit <FORTILINK>; set device-identification enable; end
Security Fabric,Network device detection,7.0.0 or earlier,L2S SRG-NET-000148-L2S-000015,FortiGate: config switch-controller network-monitor-settings; set network-monitoring enable; end
Security Fabric,Block intra-VLAN traffic,7.0.0 or earlier,L2S SRG-NET-000715-L2S-000120,FortiGate: config system interface; edit <VLAN_INTERFACE>; set switch-controller-access-vlan enable; end
Security Fabric,Host quarantine,7.0.0 or earlier,L2S SRG-NET-000057-L2S-000005; L2S SRG-NET-000715-L2S-000120,FortiGate: config switch-controller quarantine; set quarantine enable; config targets; edit <MAC>; end
Security Fabric,Automation stitches (zero-touch provisioning automation),7.4.3 and later,L2S SRG-NET-000512-L2S-000100,— (FortiGate automation stitch; see the FortiOS FortiSwitch guide)
Security Fabric,Integrated FortiGate network access control (NAC) function,7.0.0 or earlier,L2S SRG-NET-000148-L2S-000015; L2S SRG-NET-000343-L2S-000016; L2S SRG-NET-000057-L2S-000005,FortiGate: config switch-controller managed-switch; edit <SWITCH_SN>; config ports; edit <PORT>; set access-mode nac; end
Security Fabric,NAC LAN segments,7.0.1 and later,L2S SRG-NET-000715-L2S-000120; L2S SRG-NET-000057-L2S-000005,FortiGate: config switch-controller fortilink-settings; edit <FORTILINK>; config nac-ports; set lan-segment enabled; end
Security Fabric,FortiGuard IoT identification,7.0.0 or earlier,L2S SRG-NET-000148-L2S-000015,FortiGate: config user nac-policy; edit <POLICY>; set category device; set hw-vendor <VENDOR>; set switch-fortilink <FORTILINK>; end
Security Fabric,Matching FortiClient EMS tags in NAC policies,7.0.0 or earlier,L2S SRG-NET-000057-L2S-000005; L2S SRG-NET-000520-L2S-000105,FortiGate: config user nac-policy; edit <POLICY>; set category ems-tag; set ems-tag <TAG>; end
Security Fabric,Matching IoT/OT vulnerabilities in NAC policies,7.4.0 and later,L2S SRG-NET-000057-L2S-000005; L2S SRG-NET-000520-L2S-000105,FortiGate: config user nac-policy; edit <POLICY>; set category vulnerability; set severity <LEVELS>; end
Security Fabric,Matching FortiVoice tags in NAC policies,7.4.3 and later,L2S SRG-NET-000057-L2S-000005; L2S SRG-NET-000520-L2S-000105,FortiGate: config user nac-policy; edit <POLICY>; set category fortivoice-tag; set fortivoice-tag <TAG>; end
Security Fabric,NAC: control of how long matched devices are kept,7.4.3 and later,L2S SRG-NET-000057-L2S-000005,FortiGate: config user nac-policy; edit <POLICY>; set match-type dynamic; set match-period <SECONDS>; end
Security Fabric,NAC and 802.1X on same port,7.6.4 and later,L2S SRG-NET-000343-L2S-000016; L2S SRG-NET-000057-L2S-000005,— (FortiGate managed-switch port settings; see the FortiOS FortiSwitch guide)
Security Fabric,Dynamic port policies (DPP),7.0.0 or earlier,L2S SRG-NET-000057-L2S-000005; L2S SRG-NET-000520-L2S-000105,FortiGate: config switch-controller dynamic-port-policy; edit <DPP>; set fortilink <FORTILINK>; config policy; edit <RULE>; set vlan-policy <VLAN_POLICY>; end
Security Fabric,DPP: control of how long matched devices are kept,7.4.3 and later,L2S SRG-NET-000057-L2S-000005,FortiGate: config switch-controller dynamic-port-policy; edit <DPP>; config policy; edit <RULE>; set match-type dynamic; set match-period <SECONDS>; end
Security Fabric,FortiSwitch VLANs over VXLAN,7.2.1 and later,L2S SRG-NET-000715-L2S-000120,— (FortiGate FortiLink VXLAN settings; see the FortiOS FortiSwitch guide)
Security Fabric,FortiLink management over VXLAN,7.2.1 and later,NDM SRG-APP-000412-NDM-000331; NDM SRG-APP-000038-NDM-000213,— (FortiGate FortiLink VXLAN settings; see the FortiOS FortiSwitch guide)
Security Fabric,FortiView Internal Hubs,7.2.3 and later,"No direct requirement; if unused, disable (L2S SRG-NET-000131-L2S-000014)",—
Security Fabric,NAC device telemetry,7.2.3 and later,L2S SRG-NET-000148-L2S-000015,— (FortiGate NAC telemetry; see the FortiOS FortiSwitch guide)
Security Fabric,Inter-VLAN routing offload,7.4.1 and later,RTR SRG-NET-000018-RTR-000001,— (FortiGate FortiLink settings; see the FortiOS FortiSwitch guide)
Security Fabric,FortiLink Secure Fabric authentication,7.4.1 and later,NDM SRG-APP-000516-NDM-000336; L2S SRG-NET-000325-L2S-000041,— (FortiGate FortiLink Secure Fabric settings; see the FortiOS FortiSwitch guide)
Security Fabric,FortiLink Secure Fabric encryption,7.4.1 and later,NDM SRG-APP-000412-NDM-000331; NDM SRG-APP-000411-NDM-000330,— (FortiGate FortiLink Secure Fabric settings; see the FortiOS FortiSwitch guide)
Security Fabric,FortiLink using HTTPS,7.4.2 and later,NDM SRG-APP-000412-NDM-000331; NDM SRG-APP-000142-NDM-000245,config switch-controller global; set mgmt-mode https; end
Management and Configuration,CPLD software upgrade support for OS,7.0.0 or earlier,NDM SRG-APP-000457-NDM-000352,execute restore image tftp <IMAGE> <TFTP_IP>
Management and Configuration,Firmware image rotation (dual-firmware image support),7.0.0 or earlier,NDM SRG-APP-000457-NDM-000352; L2S SRG-NET-000235-L2S-000031,config system global; set image-rotation enable; end
Management and Configuration,HTTP REST APIs for configuration and monitoring,7.0.0 or earlier,NDM SRG-APP-000142-NDM-000245; NDM SRG-APP-000412-NDM-000331; NDM SRG-APP-000033-NDM-000212,config system interface; edit <MGMT>; set allowaccess https ssh; end
Management and Configuration,Support for switch SNMP OID,7.0.0 or earlier,NDM SRG-APP-000395-NDM-000310,config system snmp user; edit <USER>; set security-level auth-priv; set auth-proto sha256; set priv-proto aes256; end
Management and Configuration,IP conflict detection and notification,7.0.0 or earlier,L2S SRG-NET-000512-L2S-000100,config system global; set detect_ip_conflict enable; end
Management and Configuration,FortiEdge Cloud configuration,7.0.0 or earlier,NDM SRG-APP-000412-NDM-000331; NDM SRG-APP-000033-NDM-000212,config system flan-cloud; set status enable; set service-type flan-cloud; end
Management and Configuration,FortiSwitch Manager configuration,7.2.1 and later,NDM SRG-APP-000412-NDM-000331; NDM SRG-APP-000033-NDM-000212,config switch-controller global; set ac-discovery-type static; config ac-list; edit 1; set ipv4-address <FSWM_IP>; end
Management and Configuration,Auto topology,7.0.0 or earlier,"No direct requirement; if unused, disable (L2S SRG-NET-000131-L2S-000014)",—
Security and Visibility,RADIUS for administrative authentication,7.2.0 and later,NDM SRG-APP-000516-NDM-000336; AAA SRG-APP-000516-AAA-000640; AAA SRG-APP-000172-AAA-000520,config user radius; edit <RADIUS>; set server <IP>; set secret <SECRET>; end then config system admin; edit <ADMIN>; set remote-auth enable; set remote-group <GROUP>; end
Security and Visibility,TACACS+ for administrative authentication,7.2.0 and later,NDM SRG-APP-000516-NDM-000336; AAA SRG-APP-000516-AAA-000640,config user tacacs+; edit <TACACS>; set server <IP>; set key <KEY>; set authorization enable; end
Security and Visibility,802.1X port mode,7.0.0 or earlier,L2S SRG-NET-000343-L2S-000016; AAA SRG-APP-000394-AAA-000430,config switch interface; edit <PORT>; config port-security; set port-security-mode 802.1X; end; set security-groups <GROUP>; end
Security and Visibility,802.1X MAC-based mode,7.0.0 or earlier,L2S SRG-NET-000148-L2S-000015; L2S SRG-NET-000343-L2S-000016; AAA SRG-APP-000158-AAA-000420,config switch interface; edit <PORT>; config port-security; set port-security-mode 802.1X-mac-based; end; set security-groups <GROUP>; end
Security and Visibility,802.1X MAC-based mode: Wake-on-LAN,7.2.2 and later,L2S SRG-NET-000343-L2S-000016,config switch interface; edit <PORT>; config port-security; set port-security-mode 802.1X-mac-based; end; end
Security and Visibility,User-based (802.1X) VLAN assignment,7.0.0 or earlier,L2S SRG-NET-000057-L2S-000005; L2S SRG-NET-000343-L2S-000016,config switch interface; edit <PORT>; config port-security; set port-security-mode 802.1X; set auth-fail-vlan enable; set auth-fail-vlanid <VLAN>; end; end
Security and Visibility,802.1X: priority for dynamic or egress VLAN assignment,7.4.2 and later,L2S SRG-NET-000057-L2S-000005,config switch vlan; edit <VLAN>; set assignment-priority <PRIORITY>; end
Security and Visibility,802.1X: MAB,7.0.0 or earlier,L2S SRG-NET-000148-L2S-000015,config switch interface; edit <PORT>; config port-security; set mac-auth-bypass enable; end; end
Security and Visibility,802.1X: MAB entry aging,7.4.1 and later,L2S SRG-NET-000148-L2S-000015,config switch global; config port-security; set mab-entry-as dynamic; end; end
Security and Visibility,802.1X: limiting the number of MAB sessions,7.4.7+; 7.6.2+; 8.0.0+,L2S SRG-NET-000148-L2S-000015; L2S SRG-NET-000193-L2S-000020,config switch interface; edit <PORT>; config port-security; set client-limit <2-20>; end; end
Security and Visibility,Tagged VLAN support for authserver-timeout,7.2.7+; 7.4.3+; 7.6.0+; 8.0.0+,L2S SRG-NET-000235-L2S-000031,config switch interface; edit <PORT>; config port-security; set authserver-timeout-vlan enable; set authserver-timeout-vlanid <VLAN>; end; end
Security and Visibility,open-auth mode,7.0.0 or earlier,L2S SRG-NET-000343-L2S-000016,config switch interface; edit <PORT>; config port-security; set open-auth disable; end; end
Security and Visibility,MAC move,7.0.1 and later,L2S SRG-NET-000148-L2S-000015,config switch interface; edit <PORT>; config port-security; set allow-mac-move-to disable; end; end
Security and Visibility,802.1X/MAB priority,7.2.1 and later,L2S SRG-NET-000343-L2S-000016,config switch interface; edit <PORT>; config port-security; set auth-priority dot1x-MAB; end; end
Security and Visibility,RADIUS accounting server support,7.0.0 or earlier,AAA SRG-APP-000023-AAA-000030; NDM SRG-APP-000516-NDM-000350,config user radius; edit <RADIUS>; config acct-server; edit 1; set status enable; set server <IP>; set secret <SECRET>; end; end
Security and Visibility,RADIUS CoA and disconnect messages,7.0.0 or earlier,L2S SRG-NET-000057-L2S-000005; AAA SRG-APP-000516-AAA-000640,config user radius; edit <RADIUS>; set radius-coa enable; end
Security and Visibility,802.1X: RadSec (IPv4),7.6.4 and later,AAA SRG-APP-000172-AAA-000520; AAA SRG-APP-000142-AAA-000020,config user radius; edit <RADIUS>; set transport-type TLS; set radsec-tls-min-ver TLSv1-2; set radsec-cert-validate enable; end
Security and Visibility,EAP pass-through,7.0.0 or earlier,AAA SRG-APP-000516-AAA-000440,config switch interface; edit <PORT>; config port-security; set eap-passthru enable; end; end
Security and Visibility,IP-MAC binding (IPv4),7.0.0 or earlier,L2S SRG-NET-000362-L2S-000026,config switch ip-mac-binding; edit 1; set ip <IP> <MASK>; set mac <MAC>; set status enable; end and config switch interface; edit <PORT>; set ip-mac-binding enable; end
Security and Visibility,sFlow (IPv4),7.0.0 or earlier,NDM SRG-APP-000516-NDM-000350,config system sflow; config collectors; edit <NAME>; set ip <COLLECTOR_IP>; set port <PORT>; end; end
Security and Visibility,Flow export (IPv4),7.0.0 or earlier,NDM SRG-APP-000516-NDM-000350,config system flow-export; set format ipfix; config collectors; edit <NAME>; set ip <COLLECTOR_IP>; end; end
Security and Visibility,ACL (IPv4 ingress),7.0.0 or earlier,RTR SRG-NET-000018-RTR-000001; L2S SRG-NET-000512-L2S-000100,config switch acl ingress; edit <ID>; set ingress-interface <PORT>; config classifier; set src-ip-prefix <IP> <MASK>; end; config action; set drop enable; end; end
Security and Visibility,ACL (IPv6 ingress),7.2.3 and later,RTR SRG-NET-000018-RTR-000001; L2S SRG-NET-000512-L2S-000100,config switch acl ingress; edit <ID>; set ingress-interface <PORT>; config classifier; set src-ip6-prefix <IPV6> <PREFIX>; end; config action; set drop enable; end; end
Security and Visibility,Multistage ACL (IPv4),7.0.0 or earlier,RTR SRG-NET-000018-RTR-000001,"config switch acl prelookup, config switch acl ingress, and config switch acl egress (one policy per stage)"
Security and Visibility,Multiple ingress ACLs (IPv4),7.0.0 or earlier,RTR SRG-NET-000018-RTR-000001,config switch acl ingress; edit <ID>; set group <GROUP>; end
Security and Visibility,ACL (IPv4 prelookup),7.4.3 and later,RTR SRG-NET-000018-RTR-000001,config switch acl prelookup; edit <ID>; set interface <PORT>; config action; set drop enable; end; end
Security and Visibility,ACL (IPv4 egress),7.4.3 and later,RTR SRG-NET-000018-RTR-000001,config switch acl egress; edit <ID>; set interface <PORT>; config action; set drop enable; end; end
Security and Visibility,ACL service (IPv4),7.4.3 and later,RTR SRG-NET-000018-RTR-000001,config switch acl service custom; edit <SERVICE>; set protocol TCP/UDP/SCTP; set tcp-portrange <PORT>; end
Security and Visibility,Schedule for ACLs (IPv4),7.0.0 or earlier,RTR SRG-NET-000018-RTR-000001,config switch acl ingress; edit <ID>; set schedule <SCHEDULE>; end
Security and Visibility,Dynamic ACLs (IPv4),7.2.2 and later,L2S SRG-NET-000057-L2S-000005; RTR SRG-NET-000018-RTR-000001,config switch acl 802-1X; edit <ID>; set filter-id <RADIUS_FILTER_ID>; end
Security and Visibility,Dynamic ACLs: CoA (IPv4),7.4.7 and later,L2S SRG-NET-000057-L2S-000005,config user radius; edit <RADIUS>; set radius-coa enable; end
Security and Visibility,ACL: color marking (IPv4),7.2.0 and later,L2S SRG-NET-000193-L2S-000020,config switch acl ingress; edit <ID>; config action; set policer <POLICER>; set count-type all; end; end
Security and Visibility,ACL: enhanced classifiers,7.6.1 and later,RTR SRG-NET-000018-RTR-000001,config switch acl ingress; edit <ID>; config classifier; set dscp <DSCP>; set vlan-id <VLAN>; end; end
Security and Visibility,ACL mirror,7.6.0 and later,"No direct requirement; if unused, disable (L2S SRG-NET-000131-L2S-000014)",—
Security and Visibility,DHCP snooping,7.0.0 or earlier,L2S SRG-NET-000362-L2S-000025,config switch vlan; edit <VLAN>; set dhcp-snooping enable; end and config switch interface; edit <UPLINK>; set dhcp-snooping trusted; end
Security and Visibility,DHCPv6 snooping,7.0.0 or earlier,L2S SRG-NET-000362-L2S-000025,config switch vlan; edit <VLAN>; set dhcp6-snooping enable; end
Security and Visibility,DHCP-snooping static entries (IPv4),7.2.2 and later,L2S SRG-NET-000362-L2S-000025,config switch vlan; edit <VLAN>; config dhcp-snooping-static-client; edit <NAME>; set ip <IP>; set mac <MAC>; set switch-interface <PORT>; end; end
Security and Visibility,DHCP-snooping option 82,7.4.0 and later,L2S SRG-NET-000362-L2S-000025,config switch vlan; edit <VLAN>; set dhcp-snooping-option82 enable; end
Security and Visibility,DHCP-snooping monitor mode,7.4.3 and later,L2S SRG-NET-000362-L2S-000025,config switch vlan; edit <VLAN>; set dhcp-snooping monitor; end (use before switching to enable)
Security and Visibility,Allowed DHCP server list,7.0.0 or earlier,L2S SRG-NET-000362-L2S-000025,config system global; set dhcp-server-access-list enable; end and config switch vlan; edit <VLAN>; config dhcp-server-access-list; edit <NAME>; set server-ip <DHCP_SERVER_IP>; end; end
Security and Visibility,Flap guard,7.2.0 and later,L2S SRG-NET-000193-L2S-000020,config switch physical-port; edit <PORT>; set flapguard enabled; end
Security and Visibility,IP source guard (IPv4),7.0.0 or earlier,L2S SRG-NET-000362-L2S-000026,config switch interface; edit <PORT>; set ip-source-guard enable; end
Security and Visibility,IP source-guard violation log (IPv4),7.0.0 or earlier,L2S SRG-NET-000362-L2S-000026; NDM SRG-APP-000516-NDM-000350,config switch global; set log-source-guard-violations enable; end
Security and Visibility,Dynamic ARP inspection (IPv4),7.0.0 or earlier,L2S SRG-NET-000362-L2S-000027,config switch vlan; edit <VLAN>; set arp-inspection enable; end and config switch interface; edit <UPLINK>; set arp-inspection-trust trusted; end
Security and Visibility,ARP timeout value,7.0.0 or earlier,L2S SRG-NET-000362-L2S-000027,config system global; set arp-timeout <SECONDS>; end
Security and Visibility,DAI: monitor ARP packets,7.4.3 and later,L2S SRG-NET-000362-L2S-000027,config switch vlan; edit <VLAN>; set arp-inspection monitor; end (use before switching to enable)
Security and Visibility,RMON group 1,7.0.0 or earlier,NDM SRG-APP-000395-NDM-000310,config system snmp user; edit <USER>; set security-level auth-priv; end
Security and Visibility,Reliable syslog,7.0.0 or earlier,NDM SRG-APP-000516-NDM-000350; NDM SRG-APP-000515-NDM-000325,config log syslogd setting; set status enable; set server <SYSLOG_IP>; set mode reliable; set enc-algorithm high; end
Security and Visibility,Packet capture,7.0.0 or earlier,"No direct requirement; if unused, disable (L2S SRG-NET-000131-L2S-000014)",—
Security and Visibility,MACsec: PSK mode,7.0.0 or earlier,NDM SRG-APP-000412-NDM-000331; L2S SRG-NET-000325-L2S-000041,config switch macsec profile; edit <PROFILE>; set macsec-mode static-cak; set cipher_suite GCM-AES-256; config mka-psk; edit <KEY>; set mka-cak <CAK>; set mka-ckn <CKN>; end; end and config switch physical-port; edit <PORT>; set security-mode macsec; set macsec-profile <PROFILE>; end
Security and Visibility,MACsec: Dynamic-CAK mode,7.2.1 and later,NDM SRG-APP-000412-NDM-000331; L2S SRG-NET-000325-L2S-000041,config switch macsec profile; edit <PROFILE>; set macsec-mode dynamic-cak; set eap-tls-radius-server <RADIUS>; end
Security and Visibility,MACsec: AWS Direct Connect support,7.4.4 and later,NDM SRG-APP-000412-NDM-000331,config switch macsec profile; edit <PROFILE>; set cipher_suite GCM-AES-XPN-256; end
Security and Visibility,LINCE support,7.0.10+; 7.2.8+; 7.4.3+; 7.6.0+; 8.0.0+,NDM SRG-APP-000179-NDM-000265,config system security; set mode lince; end
Security and Visibility,OS image signature verification,7.4.0 and later,NDM SRG-APP-000131-NDM-000243,diagnose sys firmware info (verify signatures before and after upgrades)
Security and Visibility,Configuration file verification,8.0.0 and later,NDM SRG-APP-000131-NDM-000243; NDM SRG-APP-000516-NDM-000340,config system global; set verify-config reject; end
Security and Visibility,Network monitor,7.4.1 and later,L2S SRG-NET-000148-L2S-000015,config switch network-monitor settings; set status enable; end
Security and Visibility,FIPS 140-3 (Level 1) and CC support,7.6.4 and later,NDM SRG-APP-000179-NDM-000265; NDM SRG-APP-000412-NDM-000331; NDM SRG-APP-000411-NDM-000330,config system security; set mode fips-cc; end
Security and Visibility,FedRAMP support,8.0.0 and later,NDM SRG-APP-000179-NDM-000265,config system security; set mode fedramp; end
Security and Visibility,OpenSSL security level for applications,8.0.0 and later,NDM SRG-APP-000412-NDM-000331; NDM SRG-APP-000142-NDM-000245,config system security; config app-security; edit default; set security-level <LEVEL>; end; end
Security and Visibility,DNS over TLS,8.0.0 and later,NDM SRG-APP-000412-NDM-000331,config system dns; set protocol dot; set server-ca-cert <CA_CERT>; end
Layer 2,Link aggregation group size,7.0.0 or earlier,L2S SRG-NET-000760-L2S-000160,config switch trunk; edit <TRUNK>; set mode lacp-active; set members <PORTS>; end
Layer 2,LAG min-max bundle,7.0.0 or earlier,L2S SRG-NET-000760-L2S-000160,config switch trunk; edit <TRUNK>; set bundle enable; set min_bundle <MIN>; set max_bundle <MAX>; end
Layer 2,LACP fallback mode,7.4.0 and later,L2S SRG-NET-000512-L2S-000005,config switch trunk; edit <TRUNK>; set mode static; end (statically enabled trunks)
Layer 2,IPv6 RA guard,7.0.0 or earlier,RTR SRG-NET-000512-RTR-000014,config switch raguard-policy; edit <POLICY>; set device-role host; end and config switch interface; edit <PORT>; config raguard; edit 1; set raguard-policy <POLICY>; set vlan-list <VLANS>; end; end
Layer 2,IGMP snooping,7.0.0 or earlier,L2S SRG-NET-000512-L2S-000002,config switch vlan; edit <VLAN>; set igmp-snooping enable; end
Layer 2,IGMP proxy,7.0.0 or earlier,L2S SRG-NET-000512-L2S-000002,config switch vlan; edit <VLAN>; set igmp-snooping enable; set igmp-snooping-proxy enable; end
Layer 2,IGMP querier,7.0.0 or earlier,L2S SRG-NET-000512-L2S-000002,config switch vlan; edit <VLAN>; set igmp-snooping-querier enable; end
Layer 2,MLD snooping,7.0.0 or earlier,L2S SRG-NET-000512-L2S-000002,config switch vlan; edit <VLAN>; set mld-snooping enable; end
Layer 2,MLD proxy,7.0.0 or earlier,L2S SRG-NET-000512-L2S-000002,config switch vlan; edit <VLAN>; set mld-snooping enable; set mld-snooping-proxy enable; end
Layer 2,MLD querier,7.0.0 or earlier,L2S SRG-NET-000512-L2S-000002,config switch vlan; edit <VLAN>; set mld-snooping-querier enable; end
Layer 2,LLDP transmit,7.0.0 or earlier,L2S SRG-NET-000131-L2S-000014,If unused: config switch physical-port; edit <PORT>; set lldp-status disable; end
Layer 2,LLDP-MED,7.0.0 or earlier,L2S SRG-NET-000131-L2S-000014,If unused: config switch physical-port; edit <PORT>; set lldp-status disable; end
Layer 2,LLDP-MED: ELIN support,7.0.0 or earlier,L2S SRG-NET-000131-L2S-000014,If unused: config switch physical-port; edit <PORT>; set lldp-status disable; end
Layer 2,MAC learning limit,7.0.0 or earlier,L2S SRG-NET-000148-L2S-000015; L2S SRG-NET-000193-L2S-000020,config switch interface; edit <PORT>; set learning-limit <LIMIT>; end
Layer 2,Learning-limit violation log,7.0.0 or earlier,L2S SRG-NET-000148-L2S-000015; NDM SRG-APP-000516-NDM-000350,config switch global; set log-mac-limit-violations enable; end
Layer 2,Learning-limit violation action,7.0.2 and later,L2S SRG-NET-000148-L2S-000015,config switch interface; edit <PORT>; set learning-limit-action shutdown; end
Layer 2,set mac-violation-timer,7.0.0 or earlier,L2S SRG-NET-000148-L2S-000015,config switch global; set mac-violation-timer <MINUTES>; end
Layer 2,Sticky MAC,7.0.0 or earlier,L2S SRG-NET-000148-L2S-000015,config switch interface; edit <PORT>; set sticky-mac enable; end
Layer 2,Warning when the layer-2 table is getting full,7.0.0 or earlier,L2S SRG-NET-000193-L2S-000020,config switch global; set l2-memory-check enable; end
Layer 2,MSTP instances,7.0.0 or earlier,L2S SRG-NET-000512-L2S-000003,config switch stp instance; edit <ID>; set vlan-range <VLANS>; end
Layer 2,STP root guard,7.0.0 or earlier,L2S SRG-NET-000362-L2S-000021,config switch interface; edit <PORT>; set stp-root-guard enabled; end
Layer 2,STP BPDU guard,7.0.0 or earlier,L2S SRG-NET-000362-L2S-000022,config switch interface; edit <PORT>; set stp-bpdu-guard enabled; end
Layer 2,Rapid PVST interoperation,7.0.0 or earlier,L2S SRG-NET-000512-L2S-000003,config switch interface; edit <PORT>; set rpvst-port enabled; end
Layer 2,VLANs supported by RPVST+,7.4.3 and later,L2S SRG-NET-000512-L2S-000003,config switch interface; edit <PORT>; set rpvst-port enabled; end
Layer 2,forced-untagged or force-tagged setting on switch interfaces,7.0.0 or earlier,L2S SRG-NET-000512-L2S-000011; L2S SRG-NET-000512-L2S-000012,config switch interface; edit <PORT>; set native-vlan <USER_VLAN>; set allowed-vlans <VLANS>; end
Layer 2,Private VLANs,7.0.0 or earlier,L2S SRG-NET-000715-L2S-000120,config switch vlan; edit <VLAN>; set private-vlan enable; set isolated-vlan <VLAN>; end
Layer 2,Multi-stage load balancing,7.0.0 or earlier,L2S SRG-NET-000760-L2S-000160,config switch global; set trunk-hash-mode enhanced; end
Layer 2,Priority-based Flow Control,7.0.0 or earlier,L2S SRG-NET-000193-L2S-000020,config switch physical-port; edit <PORT>; set priority-based-flow-control enable; end
Layer 2,Enhanced Transmission Selection (ETS),8.0.0 and later,L2S SRG-NET-000193-L2S-000020,config switch qos qos-policy; edit <POLICY>; set ets-mode enable; end
Layer 2,DCBX,8.0.0 and later,L2S SRG-NET-000131-L2S-000014,—
Layer 2,Ingress pause metering,7.0.0 or earlier,L2S SRG-NET-000193-L2S-000020,config switch physical-port; edit <PORT>; set pause-meter-rate <RATE>; end
Layer 2,Storm control,7.0.0 or earlier,L2S SRG-NET-000512-L2S-000001; L2S SRG-NET-000193-L2S-000020,config switch storm-control; set broadcast enable; set unknown-unicast enable; set unknown-multicast enable; set rate <PPS>; end
Layer 2,Per-port storm control,7.0.0 or earlier,L2S SRG-NET-000512-L2S-000001,config switch physical-port; edit <PORT>; set storm-control-mode override; config storm-control; set broadcast enable; set rate <PPS>; end; end
Layer 2,Global burst-size control,7.0.0 or earlier,L2S SRG-NET-000512-L2S-000001,config switch storm-control; set burst-size-level <0-4>; end
Layer 2,Storm-control monitoring,7.4.3 and later,L2S SRG-NET-000512-L2S-000001; NDM SRG-APP-000516-NDM-000350,config switch global; set storm-control-monitor enable; end
Layer 2,MAC/IP/protocol-based VLAN assignment,7.0.0 or earlier,L2S SRG-NET-000057-L2S-000005,config switch vlan; edit <VLAN>; config member-by-mac; edit 1; set mac <MAC>; end; end
Layer 2,Virtual wire,7.0.0 or earlier,L2S SRG-NET-000715-L2S-000120,config switch virtual-wire; edit 1; set first-member <PORT1>; set second-member <PORT2>; end
Layer 2,Loop guard,7.0.0 or earlier,L2S SRG-NET-000362-L2S-000023,config switch interface; edit <PORT>; set loop-guard enabled; end
Layer 2,Percentage rate control,7.0.0 or earlier,L2S SRG-NET-000193-L2S-000020,config switch qos qos-policy; edit <POLICY>; set rate-by percent; config cos-queue; edit queue-0; set max-rate-percent <PERCENT>; end; end
Layer 2,VLAN stacking (QinQ),7.0.0 or earlier,L2S SRG-NET-000715-L2S-000120,config switch interface; edit <PORT>; config qnq; set status enable; set allowed-c-vlan <VLANS>; end; end
Layer 2,VLAN mapping,7.0.0 or earlier,L2S SRG-NET-000715-L2S-000120,config switch interface; edit <PORT>; config qnq; config vlan-mapping; edit 1; set match-c-vlan <VLAN>; set new-s-vlan <VLAN>; end; end; end
Layer 2,VLAN pruning,7.6.1 and later,L2S SRG-NET-000512-L2S-000009,config switch global; set vlan-pruning enable; end
Layer 2,SPAN,7.0.0 or earlier,"No direct requirement; if unused, disable (L2S SRG-NET-000131-L2S-000014)",—
Layer 2,RSPAN and ERSPAN (IPv4),7.0.0 or earlier,"No direct requirement; if unused, disable (L2S SRG-NET-000131-L2S-000014)",—
Layer 2,FortiOS one-arm sniffer,7.4.1 and later,"No direct requirement; if unused, disable (L2S SRG-NET-000131-L2S-000014)",—
Layer 2,Traffic policy (policer),7.2.3 and later,L2S SRG-NET-000193-L2S-000020,config switch acl policer; edit 1; set type ingress; set guaranteed-bandwidth <KBPS>; end
Layer 2,Flow control,7.0.0 or earlier,L2S SRG-NET-000193-L2S-000020,config switch physical-port; edit <PORT>; set flow-control both; end
Layer 2,Layer-2 NAT (IPv4),8.0.0 and later,RTR SRG-NET-000018-RTR-000001,config router nat; edit <NAME>; set type vip; set vip-if <INTERFACE>; end
Layer 3,VXLAN (hardware based),7.4.2 and later,L2S SRG-NET-000715-L2S-000120,config system vxlan; edit <VXLAN>; set vni <VNI>; set vlanid <VLAN>; set interface <INTERFACE>; set remote-ip <IP>; end
Layer 3,VXLAN: STP virtual root,7.2.1 and later,L2S SRG-NET-000512-L2S-000003,config switch global; set vxlan-stp-virtual-root enable; end
Layer 3,VXLAN: ECMP,7.4.1 and later,L2S SRG-NET-000760-L2S-000160,config switch global; set max-path-in-ecmp-group <PATHS>; end
Layer 3,VXLAN: DHCP snooping,7.4.3 and later,L2S SRG-NET-000362-L2S-000025,config switch vlan; edit <VLAN>; set dhcp-snooping enable; end
Layer 3,VXLAN: DHCPv6 snooping,7.4.3 and later,L2S SRG-NET-000362-L2S-000025,config switch vlan; edit <VLAN>; set dhcp6-snooping enable; end
Layer 3,VXLAN: QoS,7.4.3 and later,L2S SRG-NET-000193-L2S-000020,config switch global; set vxlan-qos-inner-to-outer copy-to-outer; end
Layer 3,VXLAN: IGMP snooping (IPv4),7.6.0 and later,L2S SRG-NET-000512-L2S-000002,config switch vlan; edit <VLAN>; set igmp-snooping enable; end
Layer 3,SVI,7.6.4 and later,RTR SRG-NET-000018-RTR-000001; NDM SRG-APP-000038-NDM-000213,"config system interface; edit <SVI>; set vlanid <VLAN>; set allowaccess <PROTOCOLS>; end (management on a dedicated, non-default VLAN)"
Layer 3,RVI,7.0.0 or earlier,RTR SRG-NET-000018-RTR-000001,config system interface; edit <RVI>; set l2-interface <PORT>; set ip <IP> <MASK>; end
Layer 3,Link monitor (IPv4/IPv6),7.0.0 or earlier,L2S SRG-NET-000760-L2S-000160,config system link-monitor; edit <NAME>; set srcintf <INTERFACE>; set server <IP>; set protocol ping; set update-static-route enable; end
Layer 3,Static routing (IPv4/IPv6),7.0.0 or earlier,RTR SRG-NET-000018-RTR-000001,config router static; edit 1; set dst <NETWORK> <MASK>; set gateway <IP>; set device <INTERFACE>; end
Layer 3,Software-based routing only (IPv4/IPv6),7.0.0 or earlier,RTR SRG-NET-000018-RTR-000001,Filter routed traffic with ACLs: config switch acl ingress (see the ACL rows)
Layer 3,Hardware-based routing (IPv4/IPv6),7.0.0 or earlier,RTR SRG-NET-000018-RTR-000001,Filter routed traffic with ACLs: config switch acl ingress (see the ACL rows)
Layer 3,ECMP with hardware-based routing,7.2.2 and later,L2S SRG-NET-000760-L2S-000160,config switch global; set max-path-in-ecmp-group <PATHS>; end
Layer 3,Static BFD (IPv4/IPv6),7.0.0 or earlier,L2S SRG-NET-000760-L2S-000160,config router static; edit 1; set bfd enable; end
Layer 3,uRPF,7.0.0 or earlier,RTR SRG-NET-000205-RTR-000014,config system interface; edit <INTERFACE>; set src-check strict; end
Layer 3,DHCP relay (IPv4),7.0.0 or earlier,L2S SRG-NET-000362-L2S-000025,config system interface; edit <INTERFACE>; set dhcp-relay-service enable; set dhcp-relay-ip <DHCP_SERVER>; set dhcp-relay-option82 enable; end
Layer 3,DHCP server (IPv4),7.0.0 or earlier,L2S SRG-NET-000131-L2S-000014,If unused: config system dhcp server; edit <ID>; set status disable; end
Layer 3 (Advanced Features license),Policy-based routing (IPv4),7.0.1 and later,RTR SRG-NET-000018-RTR-000001,config router policy; config pbr-map; edit <MAP>; config rule; edit 1; set src <IP> <MASK>; set nexthop-ip <IP>; end; end; config interface; edit <INTERFACE>; set pbr-map-name <MAP>; end; end
Layer 3 (Advanced Features license),VRF (IPv4/IPv6),7.0.0 or earlier,RTR SRG-NET-000512-RTR-000005; L2S SRG-NET-000715-L2S-000120,config router vrf; edit <VRF>; set vrfid <ID>; end and config system interface; edit <INTERFACE>; set vrf <VRF>; end
Layer 3 (Advanced Features license),OSPF (IPv4/IPv6),7.0.0 or earlier,RTR SRG-NET-000168-RTR-000078,config router ospf; config interface; edit <INTERFACE>; set authentication md5; config md5-keys; edit 1; set key <KEY>; end; end; end (MD5 only; see *Where the commands come from*)
Layer 3 (Advanced Features license),BFD for OSPF,7.2.2 and later,RTR SRG-NET-000168-RTR-000078,config router ospf; config interface; edit <INTERFACE>; set bfd enable; set authentication md5; end; end
Layer 3 (Advanced Features license),OSPF database overflow protection (IPv4),7.0.0 or earlier,RTR SRG-NET-000362-RTR-000110,config router ospf; set database-overflow enable; set database-overflow-max-external-lsa <LSAS>; end
Layer 3 (Advanced Features license),OSPF graceful restart (helper mode only),7.0.0 or earlier,L2S SRG-NET-000760-L2S-000160,Authenticate OSPF neighbors: see the OSPF (IPv4/IPv6) row
Layer 3 (Advanced Features license),OSPF: VRF support (IPv4),7.0.0 or earlier,RTR SRG-NET-000512-RTR-000005,"config router ospf; config vrf; edit <VRF>; end; end, with the OSPF row's interface authentication"
Layer 3 (Advanced Features license),OSPF reference bandwidth,8.0.0 and later,RTR SRG-NET-000168-RTR-000078,Authenticate OSPF neighbors: see the OSPF (IPv4/IPv6) row
Layer 3 (Advanced Features license),OSPF network type,8.0.0 and later,RTR SRG-NET-000168-RTR-000078,Authenticate OSPF neighbors: see the OSPF (IPv4/IPv6) row
Layer 3 (Advanced Features license),RIP (IPv4/IPv6),7.0.0 or earlier,RTR SRG-NET-000168-RTR-000078,config router rip; config interface; edit <INTERFACE>; set auth-mode md5; set auth-keychain <KEYCHAIN>; end; end and config router key-chain
Layer 3 (Advanced Features license),BFD for RIP,7.0.0 or earlier,RTR SRG-NET-000168-RTR-000078,"config router rip; set bfd enable; end, with the RIP row's interface authentication"
Layer 3 (Advanced Features license),VRRP (IPv4/IPv6),7.0.0 or earlier,L2S SRG-NET-000760-L2S-000160; RTR SRG-NET-000230-RTR-000001,config system interface; edit <INTERFACE>; config vrrp; edit <VRID>; set vrip <IP>; set priority <PRIORITY>; end; end
Layer 3 (Advanced Features license),BGP (IPv4/IPv6),7.0.0 or earlier,RTR SRG-NET-000168-RTR-000078; RTR SRG-NET-000018-RTR-000002,config router bgp; config neighbor; edit <PEER_IP>; set password <PASSWORD>; set prefix-list-in <PREFIX_LIST>; end; end
Layer 3 (Advanced Features license),BFD for BGP,7.0.0 or earlier,RTR SRG-NET-000168-RTR-000078,config router bgp; config neighbor; edit <PEER_IP>; set bfd enable; set password <PASSWORD>; end; end
Layer 3 (Advanced Features license),BGP: simplified fabric configuration,7.6.0 and later,RTR SRG-NET-000168-RTR-000078,Authenticate BGP peers: see the BGP (IPv4/IPv6) row
Layer 3 (Advanced Features license),BGP: local AS,8.0.0 and later,RTR SRG-NET-000168-RTR-000078,Authenticate BGP peers: see the BGP (IPv4/IPv6) row
Layer 3 (Advanced Features license),IS-IS (IPv4/IPv6),7.0.0 or earlier,RTR SRG-NET-000168-RTR-000078,config router isis; set auth-mode-area md5; set auth-keychain-area <KEYCHAIN>; config interface; edit <INTERFACE>; set auth-mode-hello md5; set auth-keychain-hello <KEYCHAIN>; end; end
Layer 3 (Advanced Features license),BFD for IS-IS,7.2.2 and later,RTR SRG-NET-000168-RTR-000078,config router isis; config interface; edit <INTERFACE>; set bfd enable; set auth-mode-hello md5; end; end
Layer 3 (Advanced Features license),PIM-SSM (IPv4),7.2.8 and later,RTR SRG-NET-000019-RTR-000003; RTR SRG-NET-000019-RTR-000004,config router multicast; config interface; edit <INTERFACE>; set pim-mode ssm-mode; end; end (only on interfaces that need multicast routing)
Layer 3 (Advanced Features license),VXLAN: BGP EVPN,7.4.0 and later,RTR SRG-NET-000168-RTR-000078; L2S SRG-NET-000715-L2S-000120,config router bgp; config neighbor; edit <PEER_IP>; set activate-evpn enable; set password <PASSWORD>; end; end
Layer 3 (Advanced Features license),VXLAN: BGP EVPN multihoming,7.6.2 and later,L2S SRG-NET-000760-L2S-000160,config switch trunk; edit <TRUNK>; set evpn-mh-es-id <ID>; set evpn-mh-es-sys-mac <MAC>; end
Layer 3 (Advanced Features license),VXLAN: Duplicate address detection,7.4.1 and later,L2S SRG-NET-000148-L2S-000015,config router bgp; config evpn; set dup-addr-detection enable; end; end
Layer 3 (Advanced Features license),VXLAN: ARP/ND suppression,7.4.0 and later,L2S SRG-NET-000362-L2S-000027,config system vxlan; edit <VXLAN>; set arp-nd-supression enable; end
High Availability,MCLAG (multichassis link aggregation group),7.0.0 or earlier,L2S SRG-NET-000760-L2S-000160,config switch trunk; edit <TRUNK>; set mclag enable; end
High Availability,STP supported in MCLAGs,7.0.0 or earlier,L2S SRG-NET-000512-L2S-000003,config switch global; set mclag-stp-aware enable; end
High Availability,IGMP snooping support in MCLAG,7.0.0 or earlier,L2S SRG-NET-000512-L2S-000002,config switch global; set mclag-igmpsnooping-aware enable; end
High Availability,Layer-3 routing in MCLAG,7.0.1 and later,L2S SRG-NET-000760-L2S-000160,config switch global; set mclag-split-brain-detect enable; end
High Availability,High-Availability Seamless Redundancy (HSR),7.4.0 and later,L2S SRG-NET-000760-L2S-000160,config switch hsr ring; edit 1; set status enable; set ring-port-pair <PORT_PAIR>; end
High Availability,Parallel Redundancy Protocol (PRP),7.4.0 and later,L2S SRG-NET-000760-L2S-000160,config switch prp channel; edit 1; set status enable; set channel-port-pair <PORT_PAIR>; end
High Availability,MRP,7.0.0 or earlier,L2S SRG-NET-000760-L2S-000160,config switch mrp settings; edit <RING>; set status enable; set role automanager; set ring-port1 <PORT1>; set ring-port2 <PORT2>; end
High Availability,MRP: 2 rings supported,7.4.4 and later,L2S SRG-NET-000760-L2S-000160,config switch mrp settings; edit <RING_2>; set status enable; set ring-port1 <PORT3>; set ring-port2 <PORT4>; end
Quality of Service,"802.1p support, including priority queuing trunk and WRED",7.0.0 or earlier,L2S SRG-NET-000193-L2S-000020,config switch qos dot1p-map; edit <MAP>; set priority-0 <QUEUE>; end and config switch interface; edit <PORT>; set trust-dot1p-map <MAP>; end
Quality of Service,QoS queue counters,7.0.0 or earlier,L2S SRG-NET-000193-L2S-000020,config switch interface; edit <PORT>; set qos-policy <POLICY>; end
Quality of Service,Tail-drop policy,7.0.1 and later,L2S SRG-NET-000193-L2S-000020,config switch qos qos-policy; edit <POLICY>; config cos-queue; edit queue-0; set drop-policy taildrop; end; end
Quality of Service,RED drop policy,7.0.1 and later,L2S SRG-NET-000193-L2S-000020,config switch global; set qos-drop-policy random-early-detection; end
Quality of Service,WRED drop policy,7.0.1 and later,L2S SRG-NET-000193-L2S-000020,config switch qos qos-policy; edit <POLICY>; config cos-queue; edit queue-0; set drop-policy weighted-random-early-detection; end; end
Quality of Service,Egress drop mode,7.0.1 and later,L2S SRG-NET-000193-L2S-000020,config switch physical-port; edit <PORT>; set egress-drop-mode enabled; end
Quality of Service,QoS marking (IPv4/IPv6),7.0.0 or earlier,L2S SRG-NET-000193-L2S-000020,config switch acl ingress; edit <ID>; config action; set remark-dscp <DSCP>; end; end
Quality of Service,Summary of configured queue mappings,7.0.0 or earlier,L2S SRG-NET-000193-L2S-000020,config switch interface; edit <PORT>; set qos-policy <POLICY>; end
Quality of Service,Egress priority tagging,7.0.0 or earlier,L2S SRG-NET-000193-L2S-000020,config switch qos dot1p-map; edit <MAP>; set egress-pri-tagging enable; end
Quality of Service,ECN (IPv4/IPv6),7.0.0 or earlier,L2S SRG-NET-000193-L2S-000020,config switch qos qos-policy; edit <POLICY>; config cos-queue; edit queue-0; set ecn enable; end; end
Quality of Service,Real-time egress queue rates,7.0.0 or earlier,L2S SRG-NET-000193-L2S-000020,config switch interface; edit <PORT>; set qos-policy <POLICY>; end
Miscellaneous,PoE pre-standard detection,7.0.0 or earlier,"No direct requirement; if unused, disable (L2S SRG-NET-000131-L2S-000014)",If unused: config switch physical-port; edit <PORT>; set poe-pre-standard-detect disable; end
Miscellaneous,"PoE modes: first come, first served or priority based",7.0.0 or earlier,"No direct requirement; if unused, disable (L2S SRG-NET-000131-L2S-000014)",If unused: config switch physical-port; edit <PORT>; set poe-status disable; end
Miscellaneous,Perpetual PoE,7.2.1 and later,"No direct requirement; if unused, disable (L2S SRG-NET-000131-L2S-000014)",If unused: config switch physical-port; edit <PORT>; set poe-port-power normal; end
Miscellaneous,PoE disconnection type,7.2.2 and later,"No direct requirement; if unused, disable (L2S SRG-NET-000131-L2S-000014)",If unused: config switch physical-port; edit <PORT>; set poe-status disable; end
Miscellaneous,PoE max power mode,7.0.11+; 7.2.10+; 7.4.7+; 7.6.2+; 8.0.0+,"No direct requirement; if unused, disable (L2S SRG-NET-000131-L2S-000014)",If unused: config switch physical-port; edit <PORT>; set poe-status disable; end
Miscellaneous,Split port,7.0.0 or earlier,"No direct requirement; if unused, disable (L2S SRG-NET-000131-L2S-000014)",—
Miscellaneous,TDR (time-domain reflectometer)/cable diagnostics,7.0.0 or earlier,"No direct requirement; if unused, disable (L2S SRG-NET-000131-L2S-000014)",—
Miscellaneous,Detect-by-module max speed detection and notification,7.0.0 or earlier,"No direct requirement; if unused, disable (L2S SRG-NET-000131-L2S-000014)",—
Miscellaneous,Monitor system temperature (threshold and SNMP trap),7.0.0 or earlier,NDM SRG-APP-000395-NDM-000310,config system snmp user; edit <USER>; set security-level auth-priv; set events <EVENTS>; end
Miscellaneous,MAC notification SNMP trap,7.2.0 and later,NDM SRG-APP-000395-NDM-000310; L2S SRG-NET-000148-L2S-000015,config switch interface; edit <PORT>; set log-mac-event enable; end
Miscellaneous,CLI to show the details of port statistics,7.0.0 or earlier,"No direct requirement; if unused, disable (L2S SRG-NET-000131-L2S-000014)",—
Miscellaneous,Configuration of the QSFP low-power mode,7.0.0 or earlier,"No direct requirement; if unused, disable (L2S SRG-NET-000131-L2S-000014)",—
Miscellaneous,Energy-efficient Ethernet,7.0.0 or earlier,"No direct requirement; if unused, disable (L2S SRG-NET-000131-L2S-000014)",If unused: config switch physical-port; edit <PORT>; set energy-efficient-ethernet disable; end
Miscellaneous,PHY Forward Error Correction (FEC),7.0.0 or earlier,"No direct requirement; if unused, disable (L2S SRG-NET-000131-L2S-000014)",—
Miscellaneous,PTP version-2 transparent clock,7.0.0 or earlier,NDM SRG-APP-000920-NDM-000320,config switch ptp settings; set status enable; end
Miscellaneous,PTP layer-2 boundary clock,7.4.3 and later,NDM SRG-APP-000920-NDM-000320,config system ptp profile; edit <PROFILE>; set mode boundary-p2p; end and config switch ptp settings; set status enable; set profile <PROFILE>; end
Miscellaneous,Layer-3 PTP,8.0.0 and later,NDM SRG-APP-000920-NDM-000320,config system ptp profile; edit <PROFILE>; set transport ipv4-UDP-mcast; end
Miscellaneous,Use PTP to synchronize system clock,7.6.2 and later,NDM SRG-APP-000920-NDM-000320; NDM SRG-APP-000374-NDM-000299,Use authenticated NTP: see the NTP server (IPv4/IPv6) row
Miscellaneous,Automatically select system clock source,8.0.0 and later,NDM SRG-APP-000920-NDM-000320; NDM SRG-APP-000925-NDM-000330,Use authenticated NTP: see the NTP server (IPv4/IPv6) row
Miscellaneous,Alias commands,7.0.0 or earlier,"No direct requirement; if unused, disable (L2S SRG-NET-000131-L2S-000014)",—
Miscellaneous,Automation stitches,7.2.0 and later,L2S SRG-NET-000512-L2S-000100,config system automation-stitch; edit <NAME>; set trigger <TRIGGER>; set action <ACTION>; set status enable; end
Miscellaneous,Automation stitches: triggered by storm-control drop rate,7.4.3 and later,L2S SRG-NET-000512-L2S-000001,config system automation-trigger; edit <NAME>; set trigger-type event-based; set event-type event-log; end
Miscellaneous,Automation stitches: custom automation actions,7.4.3 and later,L2S SRG-NET-000512-L2S-000100,config system automation-action; edit <NAME>; set action-type cli-script; end
Miscellaneous,Multiple path traceroute,7.2.0 and later,"No direct requirement; if unused, disable (L2S SRG-NET-000131-L2S-000014)",—
Miscellaneous,Wake-on-LAN packets,7.2.0 and later,L2S SRG-NET-000131-L2S-000014,—
Miscellaneous,Save event log in flash memory,7.2.0 and later,NDM SRG-APP-000357-NDM-000293,config log disk setting; set status enable; set diskfull overwrite; end
Miscellaneous,max-frame-size,7.4.3 and later,"No direct requirement; if unused, disable (L2S SRG-NET-000131-L2S-000014)",—
Miscellaneous,Support of 128 ports plus internal and mgmt,7.6.0 and later,"No direct requirement; if unused, disable (L2S SRG-NET-000131-L2S-000014)",—
Miscellaneous,NTP server (IPv4/IPv6),7.6.2 and later,NDM SRG-APP-000920-NDM-000320; NDM SRG-APP-000395-NDM-000347,config system ntp; set ntpsync enable; set authentication enable; config ntpserver; edit 1; set server <NTP_IP>; set authentication enable; set key-id <ID>; set key <KEY>; end; end
Miscellaneous,CLI reports if BIOS and firmware signatures are valid,7.6.2 and later,NDM SRG-APP-000131-NDM-000243,diagnose sys firmware info
Miscellaneous,Airflow shown in GUI,7.4.7+; 7.6.2+; 8.0.0+,"No direct requirement; if unused, disable (L2S SRG-NET-000131-L2S-000014)",—
Miscellaneous,Turn off front-panel LEDs,8.0.0 and later,"No direct requirement; if unused, disable (L2S SRG-NET-000131-L2S-000014)",—
