Category,Feature,Introduced (FortiAP),SRG requirement(s),Command to satisfy the requirement
Core: FortiAP management,FortiAP administrator password set from the controller,7.0.0 or earlier,WLAN-AM WLAN-ND-000200; WLAN-AM WLAN-ND-000300; WLAN-AM WLAN-ND-001300; NDM SRG-APP-000171-NDM-000258,FortiGate: config wireless-controller wtp-profile; edit <PROFILE>; set login-passwd-change yes; set login-passwd <PASSWORD_15_CHARS_MIN>; end
Core: FortiAP management,"FortiAP management access protocols (HTTPS, SSH, SNMP) set from the controller",7.0.0 or earlier,WLAN-AM WLAN-ND-001500; WLAN-AM WLAN-ND-000800; NDM SRG-APP-000408-NDM-000314,FortiGate: config wireless-controller wtp-profile; edit <PROFILE>; set allowaccess https ssh; end
Core: FortiAP management,"FortiAP local management access control (ALLOW_HTTPS, ALLOW_SSH)",7.0.0 or earlier,WLAN-AM WLAN-ND-001500; WLAN-AM WLAN-ND-000800,FortiAP CLI: cfg -a ALLOW_HTTPS=2; cfg -a ALLOW_SSH=2; cfg -c
Core: FortiAP management,FortiAP local administrative idle timeout,7.0.0 or earlier,WLAN-AM WLAN-ND-000500,"FortiAP CLI: cfg -a ADMIN_TIMEOUT=10; cfg -c, then FortiAP CLI: cw_diag admin-timeout <MINUTES_10_OR_LESS>"
Core: FortiAP management,FortiAP management VLAN,7.0.0 or earlier,WLAN-AP WLAN-NW-001200; WLAN-CP WLAN-NW-001200; NDM SRG-APP-000880-NDM-000290,FortiAP CLI: cfg -a AP_MGMT_VLAN_ID=<MGMT_VLAN_ID>; cfg -c
Core: FortiAP management,FortiAP local configuration export,7.0.0 or earlier,NDM SRG-APP-000516-NDM-000340,FortiAP CLI: cfg -e
Core: FortiAP management,FortiAP firmware upgrade from the controller,7.0.0 or earlier,WLAN-AM WLAN-ND-001000; WLAN-CM WLAN-ND-001000; NDM SRG-APP-001035-NDM-000340; NDM SRG-APP-000457-NDM-000352,"FortiGate: config wireless-controller setting; set firmware-provision-on-authorization enable; end, then FortiGate: execute wireless-controller list-wtp-image"
Core: Controller connectivity (CAPWAP),Static WiFi controller discovery,7.0.0 or earlier,WLAN-AP WLAN-NW-001300; NDM SRG-APP-000516-NDM-000335,FortiAP CLI: cfg -a AC_DISCOVERY_TYPE=1; cfg -a AC_IPADDR_1=<FORTIGATE_IP>; cfg -c
Core: Controller connectivity (CAPWAP),FortiAP discovery and authorization on the FortiGate,7.0.0 or earlier,NDM SRG-APP-000516-NDM-000335; WLAN-CM WLAN-ND-001500,"FortiGate: config system interface; edit <AP_INTERFACE>; set ap-discover disable; set auto-auth-extension-device disable; end, then FortiGate: config wireless-controller wtp; edit <FORTIAP_SERIAL>; set admin enable; end"
Core: Controller connectivity (CAPWAP),Dedicated FortiGate interface for FortiAP units (CAPWAP access),7.0.0 or earlier,WLAN-AP WLAN-NW-001100; WLAN-AP WLAN-NW-001200; WLAN-CP WLAN-NW-001200,FortiGate: config system interface; edit <AP_INTERFACE>; set allowaccess fabric; end
Core: Controller connectivity (CAPWAP),CAPWAP control channel encryption (always DTLS),7.0.0 or earlier,WLAN-AM WLAN-ND-000800; WLAN-CM WLAN-ND-000800; NDM SRG-APP-000411-NDM-000330,FortiGate: config wireless-controller global; set tunnel-mode strict; end
Core: Controller connectivity (CAPWAP),CAPWAP data channel encryption (DTLS or IPsec VPN),7.0.0 or earlier,WLAN-AP WLAN-NW-000600; WLAN-CP WLAN-NW-000600,FortiGate: config wireless-controller wtp-profile; edit <PROFILE>; set dtls-policy dtls-enabled; end
Core: Controller administration,Administrator access to the WiFi controller (wifi permission in the administrator profile),7.0.0 or earlier,WLAN-CM WLAN-ND-000700; WLAN-CM WLAN-ND-000600; NDM SRG-APP-000380-NDM-000304,FortiGate: config system accprofile; edit <PROFILE>; set wifi read; end
Core: Controller administration,FIPS-CC mode on the FortiGate wireless controller,7.0.0 or earlier,WLAN-CP WLAN-NW-000600; NDM SRG-APP-000179-NDM-000265,FortiGate: config system fips-cc; set status enable; end
Core: SSIDs and client access,"SSID (virtual access point) security mode (WPA2/WPA3, PMF)",7.0.0 or earlier,WLAN-AP WLAN-NW-000400; WLAN-IG WLAN-NW-000900; WLAN-AP WLAN-NW-000500,FortiGate: config wireless-controller vap; edit <SSID>; set security wpa3-only-enterprise; set pmf enable; end
Core: SSIDs and client access,802.1X (WPA-Enterprise) authentication with a RADIUS server,7.0.0 or earlier,WLAN-AP WLAN-NW-000500; WLAN-AP WLAN-NW-000700; WLAN-CP WLAN-NW-000500; WLAN-CP WLAN-NW-000700,FortiGate: config wireless-controller vap; edit <SSID>; set auth radius; set radius-server <RADIUS_SERVER>; end (EAP-TLS and certificate validation are configured on the RADIUS server)
Core: SSIDs and client access,WiFi controller certificate for 802.1X and captive portal,7.0.0 or earlier,WLAN-AP WLAN-NW-000700; NDM SRG-APP-000516-NDM-000344,FortiGate: config system global; set wifi-certificate <CERT>; set wifi-ca-certificate <CA_CERT>; end
Core: SSIDs and client access,"Pre-shared key SSIDs (WPA2-Personal, WPA3-SAE)",7.0.0 or earlier,WLAN-IG WLAN-ND-000100,FortiGate: config wireless-controller vap; edit <SSID>; set security wpa3-sae; set sae-password <PASSPHRASE_15_CHARS_MIN>; end
Core: SSIDs and client access,SSID name and broadcast,7.0.0 or earlier,WLAN-AP WLAN-NW-000200,FortiGate: config wireless-controller vap; edit <SSID>; set ssid <NON_IDENTIFYING_SSID>; end
Core: SSIDs and client access,Captive portal and guest SSIDs,7.0.0 or earlier,WLAN-IG WLAN-NW-001000,FortiGate: config wireless-controller vap; edit <SSID>; set captive-portal enable; set portal-type auth; end
Core: SSIDs and client access,Wireless client idle timeout,7.0.0 or earlier,WLAN-AP WLAN-NW-000300; WLAN-CP WLAN-NW-000300,FortiGate: config wireless-controller timers; set client-idle-timeout 1800; end
Core: SSIDs and client access,Firewall policies between SSIDs and other networks,7.0.0 or earlier,WLAN-AP WLAN-NW-001100; WLAN-IG WLAN-NW-001000,FortiGate: config firewall policy; edit <ID>; set srcintf <SSID_INTERFACE>; set dstintf <DEST_INTERFACE>; set action accept; set logtraffic all; end
Core: SSIDs and client access,Bridge-mode (local-bridging) SSIDs,7.0.0 or earlier,"No direct requirement; if unused, disable (WLAN-AM WLAN-ND-001500)",FortiGate: config wireless-controller vap; edit <SSID>; set local-bridging disable; end
Core: SSIDs and client access,Local-standalone SSIDs,7.0.0 or earlier,"No direct requirement; if unused, disable (WLAN-AM WLAN-ND-001500)",FortiGate: config wireless-controller vap; edit <SSID>; set local-standalone disable; end
Core: SSIDs and client access,Split tunneling,7.0.0 or earlier,"No direct requirement; if unused, disable (WLAN-AM WLAN-ND-001500)",FortiGate: config wireless-controller vap; edit <SSID>; set split-tunneling disable; end
Core: SSIDs and client access,Hotspot 2.0 (Passpoint),7.0.0 or earlier,"No direct requirement; if unused, disable (WLAN-AM WLAN-ND-001500)",FortiGate: config wireless-controller vap; edit <SSID>; unset hotspot20-profile; end
Core: SSIDs and client access,MAC address filtering,7.0.0 or earlier,"No direct requirement; if unused, disable (WLAN-AM WLAN-ND-001500)",—
Core: Wireless intrusion detection,Wireless intrusion detection (WIDS profiles),7.0.0 or earlier,WLAN-AP WLAN-NW-000100,"FortiGate: config wireless-controller wids-profile; edit <WIDS_PROFILE>; set sensor-mode both; set ap-scan enable; set deauth-broadcast enable; set eapol-start-flood enable; end, then FortiGate: config wireless-controller wtp-profile; edit <PROFILE>; config radio-1; set wids-profile <WIDS_PROFILE>; end; end"
Core: Wireless intrusion detection,Rogue AP detection,7.0.0 or earlier,WLAN-AP WLAN-NW-000100,"FortiGate: config wireless-controller wids-profile; edit <WIDS_PROFILE>; set ap-scan enable; end, then FortiGate: config wireless-controller setting; set fake-ssid-action log; end"
Core: Wireless intrusion detection,Dedicated monitor radio,7.0.0 or earlier,WLAN-AP WLAN-NW-000100,FortiGate: config wireless-controller wtp-profile; edit <PROFILE>; config radio-1; set mode monitor; end; end
Core: Radio and RF,Transmit power control,7.0.0 or earlier,WLAN-AP WLAN-NW-000800,FortiGate: config wireless-controller wtp-profile; edit <PROFILE>; config radio-1; set power-mode dBm; set power-value <DBM>; end; end
Core: Radio and RF,Automatic radio resource provisioning (DARRP),7.0.0 or earlier,"No direct requirement; if unused, disable (WLAN-AM WLAN-ND-001500)",—
Core: Radio and RF,Wireless mesh,7.0.0 or earlier,"No direct requirement; if unused, disable (WLAN-AM WLAN-ND-001500)",FortiAP CLI: cfg -a MESH_AP_TYPE=0; cfg -c
Core: Radio and RF,Spectrum analysis and sniffer mode,7.0.0 or earlier,"No direct requirement; if unused, disable (WLAN-AM WLAN-ND-001500)",—
Core: Logging and monitoring,Wireless event logging on the FortiGate,7.0.0 or earlier,NDM SRG-APP-000516-NDM-000350; NDM SRG-APP-000515-NDM-000325; WLAN-AM WLAN-ND-000900,FortiGate: config wireless-controller log; set status enable; set wids-log notification; set wtp-event-log notification; end
Core: Logging and monitoring,SNMP for managed FortiAP units,7.0.0 or earlier,WLAN-AM WLAN-ND-001200,FortiGate: config wireless-controller snmp; config user; edit <SNMP_USER>; set security-level auth-priv; set auth-proto sha256; set priv-proto aes256; end; end
Core: Logging and monitoring,LLDP on FortiAP units,7.0.0 or earlier,"No direct requirement; if unused, disable (WLAN-AM WLAN-ND-001500)",FortiGate: config wireless-controller wtp-profile; edit <PROFILE>; set lldp disable; end
Core: Logging and monitoring,Bluetooth Low Energy (BLE) profiles,7.0.0 or earlier,"No direct requirement; if unused, disable (WLAN-AM WLAN-ND-001500)",FortiGate: config wireless-controller wtp-profile; edit <PROFILE>; unset ble-profile; end
Core: Logging and monitoring,FortiPresence location analytics,7.0.0 or earlier,WLAN-AP WLAN-NW-001300; WLAN-CP WLAN-NW-001300,FortiGate: config wireless-controller wtp-profile; edit <PROFILE>; config lbs; set fortipresence disable; end; end
Wired ports,"FAP-23JF LAN ports: MAC address authentication, RADIUS accounting, and dynamic VLAN assignment",7.0.0 and later,"No direct requirement; if unused, disable (WLAN-AM WLAN-ND-001500)",FortiGate: config wireless-controller wtp-profile; edit <PROFILE>; config lan; set port-mode offline; end; end
Roaming and client services,Voice-enterprise SSID enhancements: 802.11k dual-band neighbor report and 802.11v BSS transition management,7.0.0 and later,"No direct requirement; if unused, disable (WLAN-AM WLAN-ND-001500)",FortiGate: config wireless-controller vap; edit <SSID>; set 80211k disable; set 80211v disable; end
SSIDs and authentication,DHCP address enforcement (clients must complete DHCP or are disconnected),7.0.0 and later,WLAN-AP WLAN-NW-001100,FortiGate: config wireless-controller vap; edit <SSID>; set dhcp-address-enforcement enable; end
Monitoring and diagnostics,Service assurance management (SAM) radio mode: ping and iPerf tests against another AP,7.0.0 and later,"No direct requirement; if unused, disable (WLAN-AM WLAN-ND-001500)",— (SAM is a radio mode used only when selected)
SSIDs and authentication,MAC address delimiter options for RADIUS MAC authentication and accounting,7.0.0 and later,"No direct requirement; if unused, disable (WLAN-AM WLAN-ND-001500)",—
SSIDs and authentication,"Bridge-mode captive portal ""external-macauth"" portal type for external Cisco ISE authentication",7.0.0 and later,WLAN-IG WLAN-NW-001000,FortiGate: config wireless-controller vap; edit <SSID>; set captive-portal enable; set portal-type external-macauth; end
Regulatory,Region and country code updates and DFS channel certification,7.0.0+; 7.2.0+; 7.4.0+; 7.6.0+; 8.0.0+,"No direct requirement; if unused, disable (WLAN-AM WLAN-ND-001500)",—
SSIDs and authentication,Client logout URL and REST API on bridge-mode external captive-portal SSIDs,7.0.1 and later,WLAN-IG WLAN-NW-001000,—
Monitoring and diagnostics,AP operating temperature reported to the FortiGate WiFi controller,7.0.1 and later,"No direct requirement; if unused, disable (WLAN-AM WLAN-ND-001500)",—
Location and IoT,SES-imagotag USB dongle for Electronic Shelf Labels (ESL),7.0.1 and later,"No direct requirement; if unused, disable (WLAN-AM WLAN-ND-001500)",FortiGate: config wireless-controller wtp-profile; edit <PROFILE>; set usb-port disable; end
SSIDs and authentication,Dynamic VLAN assignment from a text Tunnel-Private-Group-Id that matches a VAP sub-VLAN interface name,7.0.1 and later,WLAN-AP WLAN-NW-001100,FortiGate: config wireless-controller vap; edit <SSID>; set dynamic-vlan enable; end
SSIDs and authentication,Optional DNS servers for local-standalone NAT-mode SSIDs,7.0.1 and later,"No direct requirement; if unused, disable (WLAN-AM WLAN-ND-001500)",FortiGate: config wireless-controller vap; edit <SSID>; set local-standalone disable; end
Controller connectivity,"""SKIP CAPWAP Offload"" flag for FortiGate models with NP7 acceleration",7.0.1 and later,"No direct requirement; if unused, disable (WLAN-AM WLAN-ND-001500)",—
Models,New model FAP-831F,7.0.1 and later,WLAN-AP WLAN-NW-000400; WLAN-AP WLAN-NW-000600,— (model selection; check certification)
Management,Console port enabled or disabled from the FortiGate (console-login),7.0.1 and later,WLAN-AM WLAN-ND-001500; NDM SRG-APP-000408-NDM-000314,FortiGate: config wireless-controller wtp-profile; edit <PROFILE>; set console-login disable; end
Controller connectivity,Hitless failover in an active-passive FortiGate HA cluster,7.0.1 and later,"No direct requirement; if unused, disable (WLAN-AM WLAN-ND-001500)",—
Monitoring and diagnostics,Captive-portal authentication in service assurance management (SAM) mode,7.0.1 and later,"No direct requirement; if unused, disable (WLAN-AM WLAN-ND-001500)",—
Radio and RF,"Site survey SSID: separate transmit power for 2.4 GHz and 5 GHz (SURVEY_TX_POWER_24, SURVEY_TX_POWER_50)",7.0.1 and later,WLAN-AP WLAN-NW-000800,FortiAP CLI: cfg -a AP_MODE=0; cfg -c
Location and IoT,Hexadecimal Eddystone namespace and instance IDs in BLE profiles,7.0.2 and later,"No direct requirement; if unused, disable (WLAN-AM WLAN-ND-001500)",FortiGate: config wireless-controller wtp-profile; edit <PROFILE>; unset ble-profile; end
Management,FortiAP admin password up to 128 characters (LOGIN_PASSWD and login-passwd),7.0.2 and later,WLAN-AM WLAN-ND-000200,FortiGate: config wireless-controller wtp-profile; edit <PROFILE>; set login-passwd-change yes; set login-passwd <PASSWORD_15_CHARS_MIN>; end
SSIDs and authentication,Hotspot 2.0 Release 3,7.0.2 and later,"No direct requirement; if unused, disable (WLAN-AM WLAN-ND-001500)",FortiGate: config wireless-controller vap; edit <SSID>; unset hotspot20-profile; end
Location and IoT,FortiPresence push API: AP region map information,7.0.2 and later,WLAN-AP WLAN-NW-001300; WLAN-CP WLAN-NW-001300,FortiGate: config wireless-controller wtp-profile; edit <PROFILE>; config lbs; set fortipresence disable; end; end
Management,FortiAP log messages sent to a syslog server,7.0.2 and later,NDM SRG-APP-000516-NDM-000350; NDM SRG-APP-000515-NDM-000325; WLAN-AM WLAN-ND-000900,"FortiGate: config wireless-controller syslog-profile; edit <SYSLOG_PROFILE>; set server-status enable; set server <SYSLOG_SERVER>; set log-level information; end, then FortiGate: config wireless-controller wtp-profile; edit <PROFILE>; set syslog-profile <SYSLOG_PROFILE>; end"
Roaming and client services,"AP name, model, or serial number advertised in beacon frames",7.0.2 and later,WLAN-AP WLAN-NW-000200,FortiGate: config wireless-controller vap; edit <SSID>; unset beacon-advertising; end
SSIDs and authentication,Multiple pre-shared key (MPSK) authentication with RADIUS MAC authentication,7.0.2 and later,WLAN-IG WLAN-ND-000100,FortiGate: config wireless-controller vap; edit <SSID>; set radius-mac-auth enable; set radius-mac-mpsk-auth enable; end
Management,FortiAP admin password requires at least 5 characters and cannot be blank,7.0.2 and later,WLAN-AM WLAN-ND-000200; WLAN-AM WLAN-ND-000300,FortiGate: config wireless-controller wtp-profile; edit <PROFILE>; set login-passwd-change yes; set login-passwd <PASSWORD_15_CHARS_MIN>; end
Security,"FortiAP WAN port 802.1X supplicant (EAP methods, user ID, and password; set from the FortiGate or the FortiAP CLI)",7.0.2 and later,WLAN-AP WLAN-NW-001100; WLAN-AP WLAN-NW-000700,FortiGate: config wireless-controller wtp-profile; edit <PROFILE>; set wan-port-auth 802.1x; set wan-port-auth-methods EAP-TLS; end
Wireless intrusion detection,"More rogue AP information (SGI, bandwidth, maximum rate, PHY mode) reported to the controller",7.0.2 and later,WLAN-AP WLAN-NW-000100,FortiGate: config wireless-controller wids-profile; edit <WIDS_PROFILE>; set ap-scan enable; end
Location and IoT,FQDN address mode for the FortiPresence server,7.0.2 and later,WLAN-AP WLAN-NW-001300; WLAN-CP WLAN-NW-001300,FortiGate: config wireless-controller wtp-profile; edit <PROFILE>; config lbs; set fortipresence disable; end; end
Security,"Stronger encryption of stored passwords (LOGIN_PASSWD, AC_DISCOVERY_FCLD_PASSWD, MESH_AP_PASSWD, WAN_1X_PASSWD)",7.0.2 and later,NDM SRG-APP-000171-NDM-000258,—
Management,Firmware restore command: TFTP or FTP server type,7.0.2 and later,WLAN-AM WLAN-ND-001000; NDM SRG-APP-000457-NDM-000352,— (FortiAP CLI restore command; not documented in the 8.0.1 configuration guide appendix)
Monitoring and diagnostics,Upload Target Assert logs to a TFTP server (cw_diag wlanfw-dump),7.0.2 and later,"No direct requirement; if unused, disable (WLAN-AM WLAN-ND-001500)",—
SSIDs and authentication,Dynamic VLAN assignment by name tag (vlan-name table per SSID),7.0.3 and later,WLAN-AP WLAN-NW-001100,FortiGate: config wireless-controller vap; edit <SSID>; set dynamic-vlan enable; end
Radio and RF,Automatic BSS coloring,7.0.3 and later,"No direct requirement; if unused, disable (WLAN-AM WLAN-ND-001500)",—
Radio and RF,Custom 802.11ax MCS data rates per SSID,7.0.3 and later,"No direct requirement; if unused, disable (WLAN-AM WLAN-ND-001500)",—
Roaming and client services,802.11r roaming on local-standalone SSIDs,7.0.3 and later,"No direct requirement; if unused, disable (WLAN-AM WLAN-ND-001500)",FortiGate: config wireless-controller vap; edit <SSID>; set fast-bss-transition disable; end
Security,WAN port 802.1X supplicant settings in the FortiAP web UI,7.0.3 and later,WLAN-AP WLAN-NW-001100; WLAN-AP WLAN-NW-000700,FortiGate: config wireless-controller wtp-profile; edit <PROFILE>; set wan-port-auth 802.1x; set wan-port-auth-methods EAP-TLS; end
Monitoring and diagnostics,fap-tech consolidated debug command,7.0.3 and later,"No direct requirement; if unused, disable (WLAN-AM WLAN-ND-001500)",—
Roaming and client services,Broadcast and multicast suppression on the FortiAP,7.0.4+; 7.2.0+,NDM SRG-APP-000435-NDM-000315,FortiGate: config wireless-controller vap; edit <SSID>; set broadcast-suppression dhcp-up arp-known; end
Monitoring and diagnostics,nDPI-based client application analyzer (bridge-mode SSIDs),7.2.0 and later,"No direct requirement; if unused, disable (WLAN-AM WLAN-ND-001500)",FortiGate: config wireless-controller vap; edit <SSID>; set application-detection-engine disable; end
SSIDs and authentication,MAC address filter by firewall address group,7.2.0 and later,"No direct requirement; if unused, disable (WLAN-AM WLAN-ND-001500)",—
Roaming and client services,Layer-3 roaming over tunnel-mode SSIDs,7.2.0 and later,"No direct requirement; if unused, disable (WLAN-AM WLAN-ND-001500)",FortiGate: config wireless-controller vap; edit <SSID>; set l3-roaming disable; end
Radio and RF,Redesigned 802.11ac and 802.11ax MCS rate control,7.2.1 and later,"No direct requirement; if unused, disable (WLAN-AM WLAN-ND-001500)",—
Radio and RF,802.11d enable or disable,7.2.1 and later,"No direct requirement; if unused, disable (WLAN-AM WLAN-ND-001500)",—
SSIDs and authentication,WPA3 enhancements (Wi-Fi 6 Release 2): WPA3-SAE Public Key (SAE-PK) and Hash-to-Element (H2E) only,7.2.1 and later,WLAN-AP WLAN-NW-000400; WLAN-IG WLAN-NW-000900; WLAN-IG WLAN-ND-000100,FortiGate: config wireless-controller vap; edit <SSID>; set security wpa3-sae; set sae-h2e-only enable; end
Roaming and client services,Layer-3 roaming over bridge-mode SSIDs,7.2.1 and later,"No direct requirement; if unused, disable (WLAN-AM WLAN-ND-001500)",FortiGate: config wireless-controller vap; edit <SSID>; set l3-roaming disable; end
Roaming and client services,"DSCP marking by client application (nDPI, bridge-mode SSIDs; application-dscp-marking)",7.2.1 and later,"No direct requirement; if unused, disable (WLAN-AM WLAN-ND-001500)",FortiGate: config wireless-controller vap; edit <SSID>; set application-dscp-marking disable; end
Models,"New models FAP-231G, FAP-233G, FAP-431G, and FAP-433G",7.2.1 and later,WLAN-AP WLAN-NW-000400; WLAN-AP WLAN-NW-000600,— (model selection; check certification)
Models,New model FAP-432FR,7.2.2+; 7.4.1+,WLAN-AP WLAN-NW-000400; WLAN-AP WLAN-NW-000600,— (model selection; check certification)
Wired ports,Wired clients on a LAN port bridged to a tunnel-mode SSID reported to the controller,7.2.2 and later,"No direct requirement; if unused, disable (WLAN-AM WLAN-ND-001500)",FortiGate: config wireless-controller wtp-profile; edit <PROFILE>; config lan; set port-mode offline; end; end
Radio and RF,External antenna parameters for FAP-432F and FAP-433F in the FortiAP profile,7.2.3+; 7.4.0+,WLAN-AP WLAN-NW-000800,FortiGate: config wireless-controller wtp-profile; edit <PROFILE>; config radio-1; set optional-antenna none; end; end
Controller connectivity,"Data channel security option ""ipsec-sn"" (IPsec VPN with the FortiAP serial number)",7.2.3+; 7.4.0+,WLAN-AP WLAN-NW-000600; WLAN-CP WLAN-NW-000600,FortiGate: config wireless-controller wtp-profile; edit <PROFILE>; set dtls-policy ipsec-sn-vpn; end
Roaming and client services,Miracast service option in Bonjour profiles,7.2.3+; 7.4.0+,"No direct requirement; if unused, disable (WLAN-AM WLAN-ND-001500)",FortiGate: config wireless-controller wtp-profile; edit <PROFILE>; unset bonjour-profile; end
Radio and RF,Site survey improvements: channel-bonding bandwidth and 6 GHz channels,7.2.3+; 7.4.1+,WLAN-AP WLAN-NW-000800,FortiAP CLI: cfg -a AP_MODE=0; cfg -c
Controller connectivity,CAPWAP auto health check (cw_diag -c acs-chan-stats),7.2.3+; 7.4.1+,"No direct requirement; if unused, disable (WLAN-AM WLAN-ND-001500)",— (FortiAP CLI: cw_diag -c acs-chan-stats shows the result)
Controller connectivity,CAPWAP keep-alive messages over NAT (nat-session-keep-alive),7.2.4+; 7.4.2+,"No direct requirement; if unused, disable (WLAN-AM WLAN-ND-001500)",—
Controller connectivity,"250 Mbps limit removed for encrypted CAPWAP data (dtls-enabled, ipsec-vpn, ipsec-sn-vpn)",7.2.5+; 7.4.3+,WLAN-AP WLAN-NW-000600; WLAN-CP WLAN-NW-000600,FortiGate: config wireless-controller wtp-profile; edit <PROFILE>; set dtls-policy dtls-enabled; end
Security,FIPS certification and FortiAP FIPS mode (FIPS_CC),7.4.0 and later,WLAN-AP WLAN-NW-000600; NDM SRG-APP-000179-NDM-000265,FortiAP CLI: cfg -a FIPS_CC=1; cfg -c
Radio and RF,WPA3-SAE security over the mesh backhaul (MESH_AP_SECURITY),7.4.0 and later,WLAN-IG WLAN-ND-000100; WLAN-AP WLAN-NW-000400,FortiAP CLI: cfg -a MESH_AP_SECURITY=2; cfg -c
Models,New model FAP-234G,7.4.0 and later,WLAN-AP WLAN-NW-000400; WLAN-AP WLAN-NW-000600,— (model selection; check certification)
Management,Patch number shown in the FortiAP firmware version and reported to the FortiGate,7.4.1 and later,WLAN-AM WLAN-ND-001000; NDM SRG-APP-001035-NDM-000340,— (the version is reported to the FortiGate)
Wireless intrusion detection,Foreground scanning improvements: scan channels preconfigured from the FortiGate,7.4.1 and later,WLAN-AP WLAN-NW-000100,FortiGate: config wireless-controller wids-profile; edit <WIDS_PROFILE>; set ap-scan enable; set ap-scan-channel-list-2G-5G <CHANNELS>; end
Location and IoT,BLE raw data logged and sent to the FortiPresence server,7.4.1 and later,WLAN-AP WLAN-NW-001300; WLAN-CP WLAN-NW-001300,FortiGate: config wireless-controller wtp-profile; edit <PROFILE>; config lbs; set fortipresence-ble disable; end; end
SSIDs and authentication,Dynamic VLAN assignment on local-bridging and external-web captive-portal SSIDs,7.4.1 and later,WLAN-AP WLAN-NW-001100; WLAN-IG WLAN-NW-001000,FortiGate: config wireless-controller vap; edit <SSID>; set dynamic-vlan enable; end
Security,Trusted Platform Module (TPM) on Wi-Fi 6E models,7.4.1 and later,NDM SRG-APP-000171-NDM-000258,FortiAP CLI: cfg -a TPM=1; cfg -c
Location and IoT,Polestar NAO Track integration and asset management,7.4.1 and later,"No direct requirement; if unused, disable (WLAN-AM WLAN-ND-001500)",FortiGate: config wireless-controller wtp-profile; edit <PROFILE>; config lbs; set ble-rtls none; end; end
SSIDs and authentication,VLAN pool per VLAN name tag with round-robin assignment (Tunnel-Private-Group-Id),7.4.1 and later,WLAN-AP WLAN-NW-001100,FortiGate: config wireless-controller vap; edit <SSID>; set dynamic-vlan enable; end
Radio and RF,MIMO mode configuration,7.4.1 and later,"No direct requirement; if unused, disable (WLAN-AM WLAN-ND-001500)",—
Controller connectivity,Improved DNS method for AC discovery (DHCP option 15 domain suffix),7.4.1 and later,WLAN-AP WLAN-NW-001300; NDM SRG-APP-000516-NDM-000335,FortiAP CLI: cfg -a AC_DISCOVERY_TYPE=1; cfg -a AC_IPADDR_1=<FORTIGATE_IP>; cfg -c
Models,Wi-Fi 7 model FAP-441K,7.4.1 and later,WLAN-AP WLAN-NW-000400; WLAN-AP WLAN-NW-000600,— (model selection; check certification)
Monitoring and diagnostics,"SAM tests with OWE, WPA3-SAE, and WPA2/WPA3-Enterprise security",7.4.2 and later,"No direct requirement; if unused, disable (WLAN-AM WLAN-ND-001500)",—
SSIDs and authentication,"WPA3-SAE ""Hunting-and-Pecking (HnP) only"" setting",7.4.2 and later,WLAN-IG WLAN-NW-000900,FortiGate: config wireless-controller vap; edit <SSID>; set sae-hnp-only disable; set sae-h2e-only enable; end
Radio and RF,Third-party external antenna gain configured from the FortiGate,7.4.2 and later,WLAN-AP WLAN-NW-000800,FortiGate: config wireless-controller wtp-profile; edit <PROFILE>; config radio-1; set optional-antenna-gain <GAIN>; end; end
Controller connectivity,Automatic reboot when stuck in a discovery loop,7.4.2 and later,"No direct requirement; if unused, disable (WLAN-AM WLAN-ND-001500)",—
Roaming and client services,Simplified Bonjour profile provisioning and failover,7.4.2 and later,"No direct requirement; if unused, disable (WLAN-AM WLAN-ND-001500)",FortiGate: config wireless-controller wtp-profile; edit <PROFILE>; unset bonjour-profile; end
Roaming and client services,Individual control of 802.11k and 802.11v per SSID,7.4.2 and later,"No direct requirement; if unused, disable (WLAN-AM WLAN-ND-001500)",FortiGate: config wireless-controller vap; edit <SSID>; set 80211k disable; set 80211v disable; end
Models,New model FAP-432G,7.4.2 and later,WLAN-AP WLAN-NW-000400; WLAN-AP WLAN-NW-000600,— (model selection; check certification)
Models,Wi-Fi 7 models FAP-441K and FAP-443K (FAP-441K first in 7.4.1),7.4.2+; 7.6.1+,WLAN-AP WLAN-NW-000400; WLAN-AP WLAN-NW-000600,— (model selection; check certification)
SSIDs and authentication,Private key generation for WPA3-SAE SSIDs with public key authentication (cw_diag sae-pk-gen),7.4.2 and later,WLAN-IG WLAN-ND-000100,FortiGate: execute wireless-controller create-sae-pk <SSID>
Security,MACsec in WAN port 802.1X authentication (Wi-Fi 6E models; Wi-Fi 7 models from 7.6.2),7.4.3+; 7.6.2+,WLAN-AP WLAN-NW-001100,FortiGate: config wireless-controller wtp-profile; edit <PROFILE>; set wan-port-auth 802.1x; set wan-port-auth-macsec enable; end
Security,Lightweight UTM on the FortiAP (application control and web filtering),7.4.3+; 7.6.4+,"No direct requirement; if unused, disable (WLAN-AM WLAN-ND-001500)",FortiGate: config wireless-controller vap; edit <SSID>; set utm-status disable; end
Management,USB port enabled or disabled from the FortiGate,7.4.3 and later,WLAN-AM WLAN-ND-001500,FortiGate: config wireless-controller wtp-profile; edit <PROFILE>; set usb-port disable; end
SSIDs and authentication,User MPSK management through FortiGuest or FortiAuthenticator,7.4.3 and later,WLAN-IG WLAN-ND-000100,FortiGate: config wireless-controller mpsk-profile; edit <MPSK_PROFILE>; set mpsk-external-server-auth enable; set mpsk-external-server <SERVER>; end
SSIDs and authentication,RADIUS NAS-Filter-Rule attribute and dynamic access control lists for stations,7.4.3 and later,WLAN-AP WLAN-NW-001100,FortiGate: config wireless-controller vap; edit <SSID>; set nas-filter-rule enable; end
Monitoring and diagnostics,SAM ping test results include latency,7.4.3 and later,"No direct requirement; if unused, disable (WLAN-AM WLAN-ND-001500)",—
SSIDs and authentication,MPSK profiles on local-standalone WPA3-SAE SSIDs,7.4.4+; 7.6.0+,WLAN-IG WLAN-ND-000100,FortiGate: config wireless-controller vap; edit <SSID>; set mpsk-profile <MPSK_PROFILE>; end
Location and IoT,BLE real-time location service (RTLS) configuration and the Evresys RTLS solution,7.4.4+; 7.6.1+,"No direct requirement; if unused, disable (WLAN-AM WLAN-ND-001500)",FortiGate: config wireless-controller wtp-profile; edit <PROFILE>; config lbs; set ble-rtls none; end; end
Radio and RF,Channel bandwidth configuration in sniffer mode,7.4.4+; 7.6.0+,"No direct requirement; if unused, disable (WLAN-AM WLAN-ND-001500)",—
SSIDs and authentication,MAC address database updated from the FortiGate WiFi controller,7.4.4+; 7.6.1+,"No direct requirement; if unused, disable (WLAN-AM WLAN-ND-001500)",—
SSIDs and authentication,RADIUS-based MAC-address MPSK authentication on WPA3-SAE SSIDs,7.4.4+; 7.6.1+,WLAN-IG WLAN-ND-000100,FortiGate: config wireless-controller vap; edit <SSID>; set radius-mac-auth enable; set radius-mac-mpsk-auth enable; end
SSIDs and authentication,Portal server certificate with wildcard or matching DNS names for HTTPS redirection on bridge-mode captive-portal SSIDs,7.4.4+; 7.6.1+,WLAN-IG WLAN-NW-001000; NDM SRG-APP-000516-NDM-000344,FortiGate: config wireless-controller vap; edit <SSID>; set auth-cert <CERT>; end
Management,Local-bridging UTM logs sent in syslog format to FortiAnalyzer (Wi-Fi 6E models),7.4.5+; 7.6.1+,NDM SRG-APP-000515-NDM-000325; NDM SRG-APP-000516-NDM-000350,FortiGate: config wireless-controller vap; edit <SSID>; set utm-log enable; end
SSIDs and authentication,RADIUS over TLS (RadSec) for WPA2/WPA3-Enterprise authentication,7.4.5+; 7.6.1+,WLAN-AP WLAN-NW-000500; WLAN-CP WLAN-NW-000500; NDM SRG-APP-000172-NDM-000259,FortiGate: config user radius; edit <RADIUS_SERVER>; set transport-protocol tls; set ca-cert <CA_CERT>; end
SSIDs and authentication,RADIUS over TLS (RadSec) for bridge-mode captive-portal authentication,7.4.5+; 7.6.1+,WLAN-IG WLAN-NW-001000; NDM SRG-APP-000172-NDM-000259,FortiGate: config user radius; edit <RADIUS_SERVER>; set transport-protocol tls; set ca-cert <CA_CERT>; end
Controller connectivity,Improved FortiAP failover across layer-3 boundaries,7.4.5+; 7.6.1+,"No direct requirement; if unused, disable (WLAN-AM WLAN-ND-001500)",—
Models,New model FAP-23JK,7.4.5+; 7.6.2+,WLAN-AP WLAN-NW-000400; WLAN-AP WLAN-NW-000600,— (model selection; check certification)
Models,New model FAP-231K (Secure Boot; only certified GA firmware loads),7.4.5+; 7.6.2+,NDM SRG-APP-000131-NDM-000243; WLAN-AP WLAN-NW-000400; WLAN-AP WLAN-NW-000600,— (Secure Boot is set at the factory)
Controller connectivity,AC priority preference for HA failover and fallback (AC_PRI_PREFERENCE),7.4.5+; 7.6.1+,"No direct requirement; if unused, disable (WLAN-AM WLAN-ND-001500)",—
Management,BLE-based management by FortiExplorer Go (iOS) on Wi-Fi 6E and Wi-Fi 7 models,7.4.6+; 7.6.2+,WLAN-AM WLAN-ND-001500,— (no setting found in the 8.0.1 CLI Reference or configuration guide; BLE access is available for 30 minutes after reboot)
Monitoring and diagnostics,"SNMP queries for uptime, traffic, CPU, memory, station count, and temperature",7.4.6+; 7.6.2+,WLAN-AM WLAN-ND-001200,FortiGate: config wireless-controller snmp; config user; edit <SNMP_USER>; set security-level auth-priv; set auth-proto sha256; set priv-proto aes256; end; end
Controller connectivity,Improved stability of CAPWAP connections to FortiEdge Cloud,7.4.6+; 7.6.3+,WLAN-AP WLAN-NW-001300,FortiAP CLI: cfg -a AC_DISCOVERY_TYPE=1; cfg -a AC_IPADDR_1=<FORTIGATE_IP>; cfg -c
Location and IoT,IEEE 802.11mc (fine timing measurement) protocol,7.6.0 and later,"No direct requirement; if unused, disable (WLAN-AM WLAN-ND-001500)",FortiGate: config wireless-controller wtp-profile; edit <PROFILE>; config radio-1; set 80211mc disable; end; end
Wired ports,Local LAN segregation (local-lan-partition),7.6.0 and later,WLAN-AP WLAN-NW-001100,FortiGate: config wireless-controller vap; edit <SSID>; set local-lan-partition enable; end
Roaming and client services,mDNS traffic restriction (micro-location) in Bonjour profiles,7.6.0 and later,"No direct requirement; if unused, disable (WLAN-AM WLAN-ND-001500)",FortiGate: config wireless-controller wtp-profile; edit <PROFILE>; unset bonjour-profile; end
SSIDs and authentication,Static RADIUS NAS-ID on local-standalone SSIDs,7.6.0 and later,"No direct requirement; if unused, disable (WLAN-AM WLAN-ND-001500)",FortiGate: config wireless-controller vap; edit <SSID>; set local-standalone disable; end
Controller connectivity,IKEv2 in the CAPWAP data tunnel with IPsec VPN encryption,7.6.0 and later,WLAN-AP WLAN-NW-000600; WLAN-CP WLAN-NW-000600,FortiGate: config wireless-controller wtp-profile; edit <PROFILE>; set dtls-policy ipsec-vpn; end
SSIDs and authentication,WPA3 beacon protection on Wi-Fi 6E and Wi-Fi 7 models,7.6.1 and later,WLAN-AP WLAN-NW-000400; WLAN-IG WLAN-NW-000900,FortiGate: config wireless-controller vap; edit <SSID>; set beacon-protection enable; end
Management,"Console, SSH, or HTTPS login with remote accounts from a TACACS+ server",7.6.1 and later,WLAN-AM WLAN-ND-001100; WLAN-AM WLAN-ND-000600; WLAN-AM WLAN-ND-001300,FortiGate: config wireless-controller wtp-profile; edit <PROFILE>; set admin-auth-tacacs+ <TACACS_SERVER>; set admin-restrict-local enable; end
Wireless intrusion detection,Advanced wireless intrusion detection (WIDS) options,7.6.1 and later,WLAN-AP WLAN-NW-000100,FortiGate: config wireless-controller wids-profile; edit <WIDS_PROFILE>; set sensor-mode both; set ap-spoofing enable; set chan-based-mitm enable; set spoofed-deauth enable; end
SSIDs and authentication,"""AP Name:SSID"" format for the RADIUS Called-Station-Id attribute",7.6.1 and later,"No direct requirement; if unused, disable (WLAN-AM WLAN-ND-001500)",—
SSIDs and authentication,RADIUS accounting with the FortiGuest server for local-standalone MPSK SSIDs,7.6.1 and later,"No direct requirement; if unused, disable (WLAN-AM WLAN-ND-001500)",FortiGate: config wireless-controller vap; edit <SSID>; set local-standalone disable; end
Roaming and client services,Zoom and Webex in nDPI application detection and DSCP marking,7.6.1 and later,"No direct requirement; if unused, disable (WLAN-AM WLAN-ND-001500)",FortiGate: config wireless-controller vap; edit <SSID>; set application-dscp-marking disable; end
Management,"Local administrator lockout (ADMIN_LOCKOUT_THRESHOLD, ADMIN_LOCKOUT_DURATION)",7.6.2 and later,WLAN-AM WLAN-ND-001400,FortiAP CLI: cfg -a ADMIN_LOCKOUT_THRESHOLD=3; cfg -a ADMIN_LOCKOUT_DURATION=900; cfg -c
Radio and RF,Zero-wait dynamic frequency selection (DFS),7.6.3 and later,"No direct requirement; if unused, disable (WLAN-AM WLAN-ND-001500)",—
Radio and RF,"Automated Frequency Coordination (AFC) for 6 GHz (FAP-234G, 432G, 441K, 443K; FAP-241K and FAP-243K from 7.6.5)",7.6.3 and later,WLAN-AP WLAN-NW-001300,— (no AFC setting found in the 8.0.1 CLI Reference; AFC contacts an external AFC system)
Radio and RF,Multi-Link Operation (MLO) and preamble puncturing on Wi-Fi 7 models,7.6.3 and later,"No direct requirement; if unused, disable (WLAN-AM WLAN-ND-001500)",FortiGate: config wireless-controller vap; edit <SSID>; set mlo disable; end
Radio and RF,Zero-touch provisioning (ZTP) in mesh configuration,7.6.3 and later,"No direct requirement; if unused, disable (WLAN-AM WLAN-ND-001500)",FortiAP CLI: cfg -a MESH_AP_TYPE=0; cfg -c
SSIDs and authentication,Bypass of the default Captive Network Assistant (CNA),7.6.3 and later,WLAN-IG WLAN-NW-001000,FortiGate: config wireless-controller vap; edit <SSID>; set captive-network-assistant-bypass disable; end
Wireless intrusion detection,Improved foreground scan and dedicated scan radio on Wi-Fi 6E and Wi-Fi 7 models,7.6.3 and later,WLAN-AP WLAN-NW-000100,FortiGate: config wireless-controller wtp-profile; edit <PROFILE>; config radio-1; set mode monitor; end; end
Models,New Wi-Fi 7 model FAP-244K,7.6.3 and later,WLAN-AP WLAN-NW-000400; WLAN-AP WLAN-NW-000600,— (model selection; check certification)
Models,New Wi-Fi 7 model FAP-221K,7.6.3 and later,WLAN-AP WLAN-NW-000400; WLAN-AP WLAN-NW-000600,— (model selection; check certification)
Models,New Wi-Fi 7 model FAP-222KL,7.6.3 and later,WLAN-AP WLAN-NW-000400; WLAN-AP WLAN-NW-000600,— (model selection; check certification)
Radio and RF,Factory defaults changed: MESH_AP_TYPE=2 (Ethernet with mesh backup) and MESH_AP_SECURITY=1,7.6.3 and later,WLAN-AM WLAN-ND-001500,FortiAP CLI: cfg -a MESH_AP_TYPE=0; cfg -c
Radio and RF,240 MHz and 320 MHz site-survey channel bandwidth on Wi-Fi 7 models,7.6.3 and later,WLAN-AP WLAN-NW-000800,FortiAP CLI: cfg -a AP_MODE=0; cfg -c
Radio and RF,Upgraded hostapd package for Wi-Fi 7 features,7.6.4 and later,"No direct requirement; if unused, disable (WLAN-AM WLAN-ND-001500)",—
Controller connectivity,IPv6 networking and IPv6 AC management (ADDR6_MODE and related variables),7.6.4 and later,WLAN-AP WLAN-NW-001200; WLAN-CP WLAN-NW-001200,FortiAP CLI: cfg -a AC_IPADDR_PREFERENCE=IPv4-only; cfg -c
Security,EST or SCEP certificate enrollment for WAN port 802.1X authentication,7.6.4 and later,WLAN-AP WLAN-NW-000700; NDM SRG-APP-000516-NDM-000344,FortiGate: config wireless-controller wtp-profile; edit <PROFILE>; set apcfg-auto-cert enable; set apcfg-auto-cert-enroll-protocol est; set apcfg-auto-cert-est-server <EST_SERVER>; end
SSIDs and authentication,Customizable DHCP Option 82 insertion,7.6.4 and later,"No direct requirement; if unused, disable (WLAN-AM WLAN-ND-001500)",FortiGate: config wireless-controller vap; edit <SSID>; set dhcp-option82-insertion disable; end
Controller connectivity,Up to three external AC addresses configured from FortiEdge Cloud,7.6.4 and later,WLAN-AP WLAN-NW-001300,FortiAP CLI: cfg -a AC_DISCOVERY_TYPE=1; cfg -a AC_IPADDR_1=<FORTIGATE_IP>; cfg -c
Controller connectivity,"IPv6 local network and IPv6 AC variables (ADDR6_MODE, AP_IPADDR6, AC_IPADDR6_1)",7.6.4 and later,WLAN-AP WLAN-NW-001200; WLAN-CP WLAN-NW-001200,FortiAP CLI: cfg -a AC_IPADDR_PREFERENCE=IPv4-only; cfg -c
Radio and RF,Mesh background scan enabled by default and 6 GHz mesh scan channel list,7.6.4 and later,"No direct requirement; if unused, disable (WLAN-AM WLAN-ND-001500)",FortiAP CLI: cfg -a MESH_AP_TYPE=0; cfg -c
Wired ports,FAP-23JK LAN3/PSE port 802.3af output in high power mode (POE_MODE=8),7.6.5 and later,"No direct requirement; if unused, disable (WLAN-AM WLAN-ND-001500)",—
Models,FAP-231K Gen2 model,7.6.5 and later,WLAN-AP WLAN-NW-000400; WLAN-AP WLAN-NW-000600,— (model selection; check certification)
Radio and RF,Multi-Link Operation (MLO) on local-standalone SSIDs,7.6.5 and later,"No direct requirement; if unused, disable (WLAN-AM WLAN-ND-001500)",FortiGate: config wireless-controller vap; edit <SSID>; set mlo disable; end
Radio and RF,Transmit power adaptation based on USB connectivity (FAP-241K and FAP-243K),7.6.5 and later,WLAN-AP WLAN-NW-000800,FortiGate: config wireless-controller wtp-profile; edit <PROFILE>; config radio-1; set power-mode dBm; set power-value <DBM>; end; end
Controller connectivity,IPsec offload for the data channel when the DTLS policy is IPsec VPN,8.0.0 and later,WLAN-AP WLAN-NW-000600; WLAN-CP WLAN-NW-000600,FortiGate: config wireless-controller wtp-profile; edit <PROFILE>; set dtls-policy ipsec-vpn; set ipsec-offload enable; end
Management,Admin login password randomized by default on authorization by the FortiGate (FortiOS 8.0.1),8.0.0 and later,WLAN-AM WLAN-ND-000300; WLAN-AM WLAN-ND-000200,FortiGate: config wireless-controller global; set login-passwd-on-deauth reset; end
Location and IoT,Location Wireless Interface (LOWI) positioning,8.0.0 and later,"No direct requirement; if unused, disable (WLAN-AM WLAN-ND-001500)",FortiGate: config wireless-controller wtp-profile; edit <PROFILE>; config radio-1; set 80211mc disable; end; end
Wireless intrusion detection,Continuous background scan (CBS),8.0.0 and later,WLAN-AP WLAN-NW-000100,FortiGate: config wireless-controller wids-profile; edit <WIDS_PROFILE>; set ap-scan enable; end
Radio and RF,FortiAP and FortiWiFi local radios disabled from the FortiGate GUI,8.0.0 and later,WLAN-AM WLAN-ND-001500,FortiGate: config wireless-controller wtp-profile; edit <PROFILE>; config radio-1; set mode disabled; end; end
SSIDs and authentication,Dynamic redirect URLs from Cisco ISE on local-bridging captive-portal SSIDs,8.0.0 and later,WLAN-IG WLAN-NW-001000,FortiGate: config wireless-controller vap; edit <SSID>; set captive-portal-dynamic-redirect-url disable; end
SSIDs and authentication,Up to 16 SSIDs per radio,8.0.0 and later,"No direct requirement; if unused, disable (WLAN-AM WLAN-ND-001500)",FortiGate: config wireless-controller global; set max-vap-per-radio 8; end
SSIDs and authentication,Domain names (FQDN or wildcard) in layer-3 access control lists,8.0.0 and later,WLAN-AP WLAN-NW-001100,FortiGate: config wireless-controller vap; edit <SSID>; set access-control-list <ACL>; end
Radio and RF,Clear Channel Assessment (CCA) threshold tuning,8.0.0 and later,"No direct requirement; if unused, disable (WLAN-AM WLAN-ND-001500)",—
SSIDs and authentication,RADIUS cache for 802.1X authentication survivability,8.0.0 and later,WLAN-AP WLAN-NW-000500,FortiGate: config wireless-controller vap; edit <SSID>; set radius-auth-survivability disable; end
Monitoring and diagnostics,Wireless packet capture from the FortiGate GUI,8.0.0 and later,"No direct requirement; if unused, disable (WLAN-AM WLAN-ND-001500)",—
SSIDs and authentication,WPA3 transition-mode SSIDs with different authentication behavior per radio band (FortiOS 8.0.1),8.0.0 and later,WLAN-IG WLAN-NW-000900; WLAN-AP WLAN-NW-000400,FortiGate: config wireless-controller vap; edit <SSID>; set security wpa3-only-enterprise; end
