Category,Feature,Introduced (FortiExtender OS),SRG requirement(s),Command to satisfy the requirement
Core: FortiGate-managed operation,FortiExtender controller on the FortiGate,7.0.0 or earlier,NDM SRG-APP-000142-NDM-000245,FortiGate: config system global; set fortiextender disable; end (only when the FortiGate manages no FortiExtender)
Core: FortiGate-managed operation,FortiExtender discovery and authorization on the FortiGate (CAPWAP),7.0.0 or earlier,NDM SRG-APP-000516-NDM-000335; NDM SRG-APP-000038-NDM-000213,FortiGate: config system global; set fortiextender-discovery-lockdown enable; end; FortiGate: config extension-controller extender; edit <FEX_ID>; set authorized enable; next; end
Core: FortiGate-managed operation,FortiExtender profiles pushed from the FortiGate,7.0.0 or earlier,NDM SRG-APP-000516-NDM-000317; NDM SRG-APP-000380-NDM-000304,FortiGate: config extension-controller extender-profile; edit <PROFILE>; set model <MODEL>; set extension wan-extension; next; end
Core: FortiGate-managed operation,FortiExtender administrator password set from the FortiGate,7.0.0 or earlier,NDM SRG-APP-000164-NDM-000252; NDM SRG-APP-000148-NDM-000346,FortiGate: config extension-controller extender-profile; edit <PROFILE>; set login-password-change yes; set login-password <PASSWORD_15_CHARS_MIN>; next; end
Core: FortiGate-managed operation,FortiExtender management access protocols set from the FortiGate,7.0.0 or earlier,NDM SRG-APP-000142-NDM-000245; NDM SRG-APP-000412-NDM-000331; NDM SRG-APP-000408-NDM-000314,FortiGate: config extension-controller extender-profile; edit <PROFILE>; set allowaccess https ssh; next; end
Core: FortiGate-managed operation,WAN extension mode: the FortiExtender as a cellular WAN interface of the FortiGate,7.0.0 or earlier,RTR SRG-NET-000019-RTR-000008; RTR SRG-NET-000202-RTR-000001,FortiGate: config firewall policy; edit <POLICY_ID>; set srcintf <FEXT_WAN_INTERFACE>; set dstintf <INTERNAL_INTERFACE>; set dstaddr <SITE_ADDRESS_SPACE>; set action accept; next; end
Core: FortiGate-managed operation,"Cellular data plans, APNs, and SIM selection from the FortiGate",7.0.0 or earlier,"No direct requirement; if unused, disable (NDM SRG-APP-000142-NDM-000245)",—
Core: FortiGate-managed operation,FortiExtender firmware push from the FortiGate,7.0.0 or earlier,NDM SRG-APP-000457-NDM-000352; NDM SRG-APP-001035-NDM-000340,FortiGate: execute extender push-fortiextender-image <VDOM> <FEX_SERIAL> <IMAGE_FILE>
Core: Management,"Management mode (local, FortiGate, or FortiManagement Cloud) and controller discovery",7.0.0 or earlier,NDM SRG-APP-000038-NDM-000213; RTR SRG-NET-000131-RTR-000083,FortiExtender CLI: config system management; set discovery-type local; end (standalone); FortiExtender CLI: config system management; set discovery-type fortigate; config fortigate; set ac-discovery-type static; end; end (FortiGate-managed)
Core: Management,"Management access per interface (allowaccess: HTTPS, SSH, SNMP, ping)",7.0.0 or earlier,NDM SRG-APP-000142-NDM-000245; NDM SRG-APP-000412-NDM-000331; NDM SRG-APP-000408-NDM-000314,FortiExtender CLI: config system interface; edit <INTERFACE>; set allowaccess https ssh; next; end
Core: Management,Telnet and HTTP management access,7.0.0 or earlier,NDM SRG-APP-000142-NDM-000245; NDM SRG-APP-000172-NDM-000259,FortiExtender CLI: config system interface; edit <INTERFACE>; set allowaccess https ssh; next; end (leave Telnet and HTTP out of the list)
Core: Management,"Management service ports (HTTP, HTTPS, SSH, Telnet)",7.0.0 or earlier,"No direct requirement; if unused, disable (NDM SRG-APP-000142-NDM-000245)",—
Core: Management,Console port,7.0.0 or earlier,NDM SRG-APP-000408-NDM-000314,— (physical access control; the console requires an administrator login)
Core: Administrator accounts,Local administrator accounts,7.0.0 or earlier,NDM SRG-APP-000148-NDM-000346; NDM SRG-APP-000153-NDM-000249,FortiExtender CLI: config system admin; edit <ADMIN>; set accprofile <PROFILE>; set password <PASSWORD_15_CHARS_MIN>; next; end
Core: Administrator accounts,"Administrator password storage (hashed, shown as ENC)",7.0.0 or earlier,NDM SRG-APP-000171-NDM-000258,—
Core: Logging,"Local event logs (System, Controller, Configuration, LTE, VPN, and other categories)",7.0.0 or earlier,NDM SRG-APP-000095-NDM-000225; NDM SRG-APP-000503-NDM-000320; NDM SRG-APP-000026-NDM-000208; NDM SRG-APP-000505-NDM-000322; NDM SRG-APP-000357-NDM-000293,GUI: Logs
Core: Logging,Remote syslog servers,7.0.0 or earlier,NDM SRG-APP-000515-NDM-000325; NDM SRG-APP-000516-NDM-000350,FortiExtender CLI: config system syslog; config remote-servers; edit <ID>; set ip <SYSLOG_SERVER>; set port 514; next; end; end
Core: Logging,"System statistic reports (CPU, memory, and temperature thresholds) to syslog",7.0.0 or earlier,"No direct requirement; if unused, disable (NDM SRG-APP-000142-NDM-000245)",FortiExtender CLI: config system syslog; config statistic-report; set status disable; end; end
Core: Time,NTP time synchronization (local management mode),7.0.0 or earlier,NDM SRG-APP-000920-NDM-000320; NDM SRG-APP-000374-NDM-000299; NDM SRG-APP-000395-NDM-000347,FortiExtender CLI: config system ntp; set type custom; config ntpserver; edit <ID>; set server <NTP_SERVER>; next; end; end
Core: SNMP,SNMP v1 and v2c communities,7.0.0 or earlier,NDM SRG-APP-000142-NDM-000245; NDM SRG-APP-000395-NDM-000310,FortiExtender CLI: config snmp community; edit <COMMUNITY>; set status disable; next; end
Core: SNMP,SNMPv3 users and traps,7.0.0 or earlier,NDM SRG-APP-000395-NDM-000310,FortiExtender CLI: config snmp user; edit <SNMP_USER>; set status enable; set security-level auth-priv; set auth-proto sha1; set auth-pwd <AUTH_PASSWORD>; set priv-proto aes; set priv-pwd <PRIV_PASSWORD>; next; end
Core: Firmware and configuration,"OS firmware upgrade (TFTP, FTP, USB, cloud, or GUI)",7.0.0 or earlier,NDM SRG-APP-000457-NDM-000352; NDM SRG-APP-001035-NDM-000340; NDM SRG-APP-000516-NDM-000335,FortiExtender CLI: execute restore os-image tftp <IMAGE> <TFTP_SERVER>
Core: Firmware and configuration,Automatic image installation from USB,7.0.0 or earlier,NDM SRG-APP-000142-NDM-000245; NDM SRG-APP-000516-NDM-000335,FortiExtender CLI: config system global; set auto-install-image disable; end
Core: Firmware and configuration,Modem firmware upgrade,7.0.0 or earlier,NDM SRG-APP-000457-NDM-000352,FortiExtender CLI: execute restore modem-fw tftp <PACKAGE> <TFTP_SERVER>
Core: Firmware and configuration,Configuration backup and restore,7.0.0 or earlier,NDM SRG-APP-000516-NDM-000340,FortiExtender CLI: execute config backup tftp <REMOTE_FILE> <TFTP_SERVER> encrypt <PASSWORD>
Core: Firmware and configuration,Diagnostics package export (debug information),7.0.0 or earlier,"No direct requirement; if unused, disable (NDM SRG-APP-000142-NDM-000245)",—
Core: Certificates,Local and CA certificates,7.0.0 or earlier,NDM SRG-APP-000516-NDM-000344; NDM SRG-APP-000910-NDM-000300,GUI: Settings > Certificate
Core: Notifications,SMS notification of alerts,7.0.0 or earlier,"No direct requirement; if unused, disable (NDM SRG-APP-000142-NDM-000245)",FortiExtender CLI: config system sms-notification; set notification disable; end
Core: Notifications,Remote diagnostics and commands by SMS,7.0.0 or earlier,NDM SRG-APP-000142-NDM-000245; NDM SRG-APP-000408-NDM-000314,FortiExtender CLI: config system sms-remote-diag; set remote-diag disable; end
Core: Management,FortiExtender REST API and API users,7.0.0 or earlier,NDM SRG-APP-000408-NDM-000314,—
Core: Networking,NAT and IP pass-through operating modes,7.0.0 or earlier,"No direct requirement; if unused, disable (NDM SRG-APP-000142-NDM-000245)",—
Core: Networking,Firewall policies (standalone NAT mode),7.0.0 or earlier,RTR SRG-NET-000019-RTR-000008; RTR SRG-NET-000202-RTR-000001; RTR SRG-NET-000018-RTR-000001,FortiExtender CLI: config firewall policy; edit <POLICY_ID>; set srcintf <LTE_INTERFACE>; set dstintf <LAN_INTERFACE>; set dstaddr <SITE_ADDRESS>; set action accept; next; end
Core: Networking,Static routing and policy-based routing,7.0.0 or earlier,"No direct requirement; if unused, disable (NDM SRG-APP-000142-NDM-000245)",—
Core: Networking,DHCP server,7.0.0 or earlier,"No direct requirement; if unused, disable (NDM SRG-APP-000142-NDM-000245)",FortiExtender CLI: config system dhcpserver; edit <ID>; set status disable; next; end
Core: Networking,Virtual WAN (VWAN) interfaces and link health monitoring,7.0.0 or earlier,RTR SRG-NET-000760-RTR-000160,FortiExtender CLI: config hmon hchk; edit <HEALTH_CHECK>; set protocol ping; set probe-target <TARGET>; set interface <INTERFACE>; next; end
Core: Networking,VRRP with a FortiGate (FortiGate backup mode),7.0.0 or earlier,"No direct requirement; if unused, disable (NDM SRG-APP-000142-NDM-000245)",FortiExtender CLI: config system management; config fortigate-backup; set status disable; end; end
Core: Networking,Multicast routing (PIM-SM),7.0.0 or earlier,"No direct requirement; if unused, disable (NDM SRG-APP-000142-NDM-000245)",—
Core: VPN,IPsec VPN tunnels (standalone),7.0.0 or earlier,VPN SRG-NET-000132-VPN-000460; VPN SRG-NET-000074-VPN-000250; VPN SRG-NET-000317-VPN-001090; VPN SRG-NET-000525-VPN-002330; VPN SRG-NET-000371-VPN-001640; VPN SRG-NET-000337-VPN-001300; VPN SRG-NET-000337-VPN-001290; VPN SRG-NET-000230-VPN-000780; VPN SRG-NET-000063-VPN-000220; VPN SRG-NET-000164-VPN-000560,FortiExtender CLI: config vpn ipsec phase1-interface; edit <TUNNEL>; set ike-version 2; set proposal aes256-sha256; set dhgrp 20 21; set keylife 28800; set authmethod signature; set certificate <LOCAL_CERT>; set peer <CA_CERT>; next; end; FortiExtender CLI: config vpn ipsec phase2-interface; edit <PHASE2>; set phase1name <TUNNEL>; set proposal aes256-sha256; set pfs enable; set dhgrp 20 21; set keylifeseconds 28800; next; end
Core: Cellular WAN,"Cellular modem, SIM, carrier, and data plan (APN) configuration",7.0.0 or earlier,"No direct requirement; if unused, disable (NDM SRG-APP-000142-NDM-000245)",—
Core: Cellular WAN,SIM PIN lock,7.0.0 or earlier,"No direct requirement; if unused, disable (NDM SRG-APP-000142-NDM-000245)",—
Core: Cellular WAN,"SIM switching (by disconnect, signal, or data plan)",7.0.0 or earlier,RTR SRG-NET-000760-RTR-000160,FortiExtender CLI: config lte setting; config modem1; config auto-switch; set by-disconnect enable; end; end; end
Core: Cellular WAN,GPS,7.0.0 or earlier,"No direct requirement; if unused, disable (NDM SRG-APP-000142-NDM-000245)",FortiExtender CLI: config lte setting; config modem1; set gps disable; end; end; FortiGate: config extension-controller extender-profile; edit <PROFILE>; config cellular; config modem1; set gps disable; end; end; next; end
Core: Cellular WAN,Controller reports of cellular status,7.0.0 or earlier,"No direct requirement; if unused, disable (NDM SRG-APP-000142-NDM-000245)",—
Administrator accounts,"Administrator access profiles (read-write, read-only, or no access per configuration section)",7.0.0 and later,NDM SRG-APP-000033-NDM-000212; NDM SRG-APP-000231-NDM-000271,FortiExtender CLI: config system accprofile; edit <PROFILE>; set system read; set vpn read; next; end; FortiExtender CLI: config system admin; edit <ADMIN>; set accprofile <PROFILE>; next; end
Routing,"OSPF over IPsec tunnels (Area 0, point-to-point, redistribution of static and connected routes)",7.0.0 and later,RTR SRG-NET-000168-RTR-000078; RTR SRG-NET-000230-RTR-000001,"FortiExtender CLI: config router ospf; set status disable; end (when unused; there is no OSPF authentication setting, see *Where the commands come from*)"
GUI,GUI pop-up warning when the IP address of the connection interface is changed,7.0.1 and later,"No direct requirement; if unused, disable (NDM SRG-APP-000142-NDM-000245)",—
Time,NTP server list configuration in the GUI,7.0.1 and later,NDM SRG-APP-000920-NDM-000320,FortiExtender CLI: config system ntp; set type custom; config ntpserver; edit <ID>; set server <NTP_SERVER>; next; end; end
GUI,Resetting configuration values to default in the GUI,7.0.1 and later,"No direct requirement; if unused, disable (NDM SRG-APP-000142-NDM-000245)",—
Monitoring,FortiView LTE time scaling,7.0.1 and later,"No direct requirement; if unused, disable (NDM SRG-APP-000142-NDM-000245)",—
Certificates,Download of third-party VPN certificates from the cloud,7.0.1 and later,NDM SRG-APP-000516-NDM-000344; VPN SRG-NET-000164-VPN-000560,—
Management,"Idle timeout for console, SSH, and Telnet sessions",7.0.1 and later,NDM SRG-APP-000190-NDM-000267,FortiExtender CLI: config system management; config local-access; set idle-timeout 5; end; end
LAN extension,FortiExtender as a FortiGate LAN interface extension (IPsec backhaul with VXLAN),7.0.2 and later,VPN SRG-NET-000371-VPN-001650; VPN SRG-NET-000132-VPN-000460; VPN SRG-NET-000074-VPN-000250; VPN SRG-NET-000230-VPN-000780; VPN SRG-NET-000522-VPN-002320,FortiGate: config extension-controller extender-profile; edit <PROFILE>; set extension lan-extension; config lan-extension; set ipsec-tunnel <TUNNEL>; set backhaul-interface <INTERFACE>; end; next; end
Monitoring,Bandwidth metering,7.0.2 and later,"No direct requirement; if unused, disable (NDM SRG-APP-000142-NDM-000245)",—
Management,Multiple static access controller (FortiGate) addresses or FQDNs,7.0.2 and later,NDM SRG-APP-000038-NDM-000213,FortiExtender CLI: config system management; config fortigate; set ac-discovery-type static; config static-ac-addr; edit <ID>; set server <FORTIGATE_ADDRESS>; next; end; end; end
IPv6,IPv6 support,7.0.2 and later,RTR SRG-NET-000512-RTR-000014,FortiExtender CLI: config system interface; edit <EXTERNAL_INTERFACE>; config ipv6; set ip6-send-adv disable; end; next; end
Management,Trusted hosts for administrators,7.0.2 and later,NDM SRG-APP-000408-NDM-000314; NDM SRG-APP-000038-NDM-000213,FortiExtender CLI: config system admin; edit <ADMIN>; set trusthost1 <MGMT_SUBNET>; next; end
Administrator accounts,Removal of the default admin account,7.0.2 and later,NDM SRG-APP-000148-NDM-000346,"— (create a named administrator account, then delete the default admin account)"
Cellular WAN,Connection manager waits for the modem to attach to the network,7.0.2 and later,"No direct requirement; if unused, disable (NDM SRG-APP-000142-NDM-000245)",—
Administrator accounts,CLI login user status and forced logout of administrator sessions,7.0.3 and later,NDM SRG-APP-000296-NDM-000280; NDM SRG-APP-000001-NDM-000200,FortiExtender CLI: get system admin status; FortiExtender CLI: execute disconnect-admin-session all <ADMIN>
SNMP,SNMP MIB-2 interface statistics,7.0.3 and later,"No direct requirement; if unused, disable (NDM SRG-APP-000142-NDM-000245)",—
DNS,DNS service (DNS proxy and DNS database with split DNS),7.2.0 and later,"No direct requirement; if unused, disable (NDM SRG-APP-000142-NDM-000245)",—
Models,New hardware models: FortiExtender 101F and 212F,7.2.0 and later,"No direct requirement; if unused, disable (NDM SRG-APP-000142-NDM-000245)",—
Administrator accounts,"GUI reference information, login user status, and forced logout",7.2.0 and later,NDM SRG-APP-000296-NDM-000280; NDM SRG-APP-000001-NDM-000200,FortiExtender CLI: get system admin status; FortiExtender CLI: execute disconnect-admin-session all <ADMIN>
FortiGate-managed operation,CAPWAP tunnel performance improvement with FortiOS 7.2.0 in WAN extension deployments,7.2.0 and later,"No direct requirement; if unused, disable (NDM SRG-APP-000142-NDM-000245)",—
Networking,DHCP client optimization,7.2.2 and later,"No direct requirement; if unused, disable (NDM SRG-APP-000142-NDM-000245)",—
Management,REST API error message handling,7.2.2 and later,"No direct requirement; if unused, disable (NDM SRG-APP-000142-NDM-000245)",—
DNS,System DNS requests forced through the DNS proxy,7.2.2 and later,"No direct requirement; if unused, disable (NDM SRG-APP-000142-NDM-000245)",—
Logging,Multiple remote syslog servers (syslog database instead of a plain text file),7.2.2 and later,NDM SRG-APP-000515-NDM-000325; NDM SRG-APP-000516-NDM-000350,FortiExtender CLI: config system syslog; config remote-servers; edit <ID>; set ip <SYSLOG_SERVER>; set port 514; next; end; end
GUI,SFP DSL interface support in the GUI,7.2.2 and later,"No direct requirement; if unused, disable (NDM SRG-APP-000142-NDM-000245)",—
Networking,DHCP relay over VPN,7.2.3 and later,"No direct requirement; if unused, disable (NDM SRG-APP-000142-NDM-000245)",FortiExtender CLI: config system dhcprelay; set status disable; end
Cellular WAN,Unblocking SIM cards with their PUK codes from the CLI (FEX-511F),7.2.3 and later,"No direct requirement; if unused, disable (NDM SRG-APP-000142-NDM-000245)",—
Models,New hardware model: FEX-202F,7.2.3 and later,"No direct requirement; if unused, disable (NDM SRG-APP-000142-NDM-000245)",—
Networking,Multicast while the FortiExtender is the primary VRRP router,7.4.0 and later,"No direct requirement; if unused, disable (NDM SRG-APP-000142-NDM-000245)",—
LAN extension,CAPWAP control channel backup over a second uplink,7.4.0 and later,RTR SRG-NET-000760-RTR-000160,—
Management,SSH client login to other devices from the FortiExtender,7.4.0 and later,"No direct requirement; if unused, disable (NDM SRG-APP-000142-NDM-000245)",—
Cellular WAN,SIM switching based on link health,7.4.0 and later,RTR SRG-NET-000760-RTR-000160,FortiExtender CLI: config lte setting; config modem1; config auto-switch; set by-health-monitor enable; end; end; end
Networking,DHCP relay to multiple DHCP servers,7.4.1 and later,"No direct requirement; if unused, disable (NDM SRG-APP-000142-NDM-000245)",FortiExtender CLI: config system dhcprelay; set status disable; end
Wi-Fi,Wi-Fi function on FEV-211F,7.4.1 and later,"No direct requirement; if unused, disable (NDM SRG-APP-000142-NDM-000245)",FortiExtender CLI: config wifi; config radio-profile; edit <RADIO_PROFILE>; set status disable; next; end; end
Cellular WAN,SIM switching based on latency and jitter,7.4.1 and later,RTR SRG-NET-000760-RTR-000160,FortiExtender CLI: config lte setting; config modem1; config auto-switch; set by-latency enable; set by-jitter enable; end; end; end
Networking,Network latency in the SD-WAN (virtual WAN) member selection,7.4.1 and later,RTR SRG-NET-000760-RTR-000160,FortiExtender CLI: config system vwan-member; edit <MEMBER>; set link-cost-factor latency; next; end
VPN,Redundant VPN tunnels between a FortiExtender and a FortiExtender or FortiGate,7.4.1 and later,RTR SRG-NET-000760-RTR-000160,—
Firmware and configuration,Modem firmware upgrade from the FortiGate,7.4.3 and later,NDM SRG-APP-000457-NDM-000352,FortiGate: execute extender install-forticloud-mdm-package <PACKAGE> <FEX_SERIAL>
FortiGate-managed operation,Hitless failover in WAN extension mode with FortiGate HA,7.4.4 and later,"No direct requirement; if unused, disable (NDM SRG-APP-000142-NDM-000245)",—
Wi-Fi,Wi-Fi configuration in FortiExtender profiles (managed),7.4.4 and later,"No direct requirement; if unused, disable (NDM SRG-APP-000142-NDM-000245)",FortiGate: config extension-controller extender-profile; edit <PROFILE>; config wifi; config radio-1; set status disable; end; end; next; end
Wi-Fi,Wi-Fi VAPs as members of a switch interface,7.4.4 and later,"No direct requirement; if unused, disable (NDM SRG-APP-000142-NDM-000245)",—
LAN extension,VLAN support in LAN extension mode,7.4.4 and later,"No direct requirement; if unused, disable (NDM SRG-APP-000142-NDM-000245)",—
Management,Management access (allowaccess) on tunnel interfaces,7.4.4 and later,NDM SRG-APP-000142-NDM-000245,FortiExtender CLI: config system interface; edit <TUNNEL_INTERFACE>; unset allowaccess; next; end
VPN,"IPsec VPN with ECDSA certificates (DH groups 20, 29, and 32)",7.4.4 and later,VPN SRG-NET-000074-VPN-000250; VPN SRG-NET-000164-VPN-000560,FortiExtender CLI: config vpn ipsec phase1-interface; edit <TUNNEL>; set authmethod signature; set certificate <ECDSA_CERT>; set peer <CA_CERT>; set dhgrp 20; next; end
Authentication,RADIUS authentication of administrators,7.6.0 and later,NDM SRG-APP-000516-NDM-000336; NDM SRG-APP-000153-NDM-000249,FortiExtender CLI: config user radius; edit <RADIUS>; set server <RADIUS_SERVER>; set secret <SECRET>; set auth-type ms_chap_v2; next; end; FortiExtender CLI: config user group; edit <GROUP>; set member <RADIUS>; next; end; FortiExtender CLI: config system admin; edit <ADMIN>; set remote-auth enable; set remote-group <GROUP>; next; end
LAN extension,Multiple VLANs in LAN extension mode,7.6.0 and later,"No direct requirement; if unused, disable (NDM SRG-APP-000142-NDM-000245)",—
Cellular WAN,Multiple simultaneous packet data networks (APNs) on FEX-511G and FEX-511G-WiFi in WAN extension mode,7.6.1 and later,"No direct requirement; if unused, disable (NDM SRG-APP-000142-NDM-000245)",FortiGate: config extension-controller extender-profile; edit <PROFILE>; config cellular; config modem1; set multiple-PDN disable; end; end; next; end
Certificates,Custom certificate for HTTPS management access,7.6.1 and later,NDM SRG-APP-000516-NDM-000344; NDM SRG-APP-000412-NDM-000331,FortiExtender CLI: config system global; set admin-server-cert <CERT_NAME>; end
Management,"SSH strong cryptography with configurable key exchange, cipher, host key, and MAC algorithms",7.6.1 and later,NDM SRG-APP-000412-NDM-000331; NDM SRG-APP-000411-NDM-000330,FortiExtender CLI: config system ssh-crypto; set strong-crypto enable; set ssh-enc-algo aes256-ctr aes256-gcm@openssh.com; set ssh-mac-algo hmac-sha2-256 hmac-sha2-512; end
FortiGate-managed operation,FortiCare registration of the FortiExtender through FortiOS,7.6.1 and later,RTR SRG-NET-000131-RTR-000083,—
LAN extension,Split tunneling in LAN extension mode (traffic that bypasses the SASE overlay),7.6.1 and later,RTR SRG-NET-000018-RTR-000001,— (configure no traffic split services in the LAN extension profile)
Wi-Fi,DFS channels on FEV-21xF and FBS-10F in permitted regions,7.6.1 and later,"No direct requirement; if unused, disable (NDM SRG-APP-000142-NDM-000245)",—
Regulatory,Wi-Fi country code and SKU mapping aligned with other Fortinet F and G series Wi-Fi products,7.6.1 and later,"No direct requirement; if unused, disable (NDM SRG-APP-000142-NDM-000245)",—
Automation,Automation stitches for digital I/O on FortiExtender Vehicle models,7.6.2 and later,"No direct requirement; if unused, disable (NDM SRG-APP-000142-NDM-000245)",—
Authentication,Wired 802.1X authentication on LAN ports (select models),7.6.2 and later,"No direct requirement; if unused, disable (NDM SRG-APP-000142-NDM-000245)",—
Authentication,RADIUS servers specified by FQDN,7.6.2 and later,NDM SRG-APP-000516-NDM-000336,FortiExtender CLI: config user radius; edit <RADIUS>; set server <RADIUS_FQDN>; next; end
Certificates,Third-party certificates through an SCEP server,7.6.2 and later,NDM SRG-APP-000516-NDM-000344,FortiExtender CLI: config vpn certificate local; edit <CERT>; set enroll-protocol scep; next; end; FortiExtender CLI: execute vpn certificate local generate rsa <CERT> <KEY_SIZE_2048_OR_4096> <SUBJECT> <SCEP_URL>
Management,Out-of-band management (OBM) tunnel to FortiManagement Cloud in FortiGate mode,7.6.2 and later,RTR SRG-NET-000131-RTR-000083; NDM SRG-APP-000142-NDM-000245,— (do not provision the FortiExtender as the OBM type in the FortiManagement Cloud portal)
Vehicle,Ignition sensing on FEV-211F and FEV-212F,7.6.2 and later,"No direct requirement; if unused, disable (NDM SRG-APP-000142-NDM-000245)",—
Vehicle,Bluetooth button control on BLE-capable models,7.6.2 and later,"No direct requirement; if unused, disable (NDM SRG-APP-000142-NDM-000245)",FortiExtender CLI: config system bluetooth; set status disable; end
Administrator accounts,"Stronger administrator password requirements (12 characters with upper case, lower case, number, and symbol)",7.6.3 and later,NDM SRG-APP-000164-NDM-000252; NDM SRG-APP-000166-NDM-000254; NDM SRG-APP-000167-NDM-000255; NDM SRG-APP-000168-NDM-000256; NDM SRG-APP-000169-NDM-000257,FortiExtender CLI: config system admin; edit <ADMIN>; set password <PASSWORD_15_CHARS_MIN>; next; end
Models,"New hardware models: FEV-511G, FEX-101G, and FEX-211G",7.6.4 and later,"No direct requirement; if unused, disable (NDM SRG-APP-000142-NDM-000245)",—
Cellular WAN,eSIM on G-series models,7.6.4 and later,"No direct requirement; if unused, disable (NDM SRG-APP-000142-NDM-000245)",FortiExtender CLI: config lte setting; config modem1; set esim disable; end; end
LAN extension,"LAN extension member VLAN ID (select models, FortiOS 7.6.4 or later)",7.6.4 and later,"No direct requirement; if unused, disable (NDM SRG-APP-000142-NDM-000245)",—
LAN extension,Power reset of LE-switch member ports when the LAN extension connection changes,7.6.4 and later,"No direct requirement; if unused, disable (NDM SRG-APP-000142-NDM-000245)",—
IPv6,API and GUI access over IPv6,7.6.4 and later,NDM SRG-APP-000142-NDM-000245; NDM SRG-APP-000408-NDM-000314,FortiExtender CLI: config system interface; edit <INTERFACE>; config ipv6; set ip6-allowaccess https ssh; end; next; end
IPv6,IPv6 stateless address autoconfiguration (SLAAC),7.6.4 and later,"No direct requirement; if unused, disable (NDM SRG-APP-000142-NDM-000245)",—
IPv6,IPv4 and IPv6 dual stack,7.6.4 and later,"No direct requirement; if unused, disable (NDM SRG-APP-000142-NDM-000245)",—
IPv6,IPv6 addresses in firewall policies,7.6.4 and later,RTR SRG-NET-000202-RTR-000001; RTR SRG-NET-000018-RTR-000001,FortiExtender CLI: config firewall policy; edit <POLICY_ID>; set srcaddr6 <ADDRESS6>; set dstaddr6 <ADDRESS6>; set action accept; next; end
IPv6,IPv6 DNS for the DNS proxy,7.6.4 and later,"No direct requirement; if unused, disable (NDM SRG-APP-000142-NDM-000245)",—
IPv6,IPv6 addressing,7.6.4 and later,"No direct requirement; if unused, disable (NDM SRG-APP-000142-NDM-000245)",—
IPv6,Static IPv6 addresses and routing,7.6.4 and later,"No direct requirement; if unused, disable (NDM SRG-APP-000142-NDM-000245)",—
Authentication,Source IP address for RADIUS server communication,7.6.4 and later,NDM SRG-APP-000516-NDM-000336,FortiExtender CLI: config user radius; edit <RADIUS>; set source-ip <SOURCE_IP>; next; end
DNS,DNS category filtering with DNS filter profiles,7.6.4 and later,"No direct requirement; if unused, disable (NDM SRG-APP-000142-NDM-000245)",—
Wi-Fi,Captive portals and captive portal redirection on Wi-Fi models in LAN extension mode,7.6.4 and later,"No direct requirement; if unused, disable (NDM SRG-APP-000142-NDM-000245)",—
Logging,VWAN log category,7.6.4 and later,NDM SRG-APP-000095-NDM-000225,GUI: Logs
Firmware and configuration,Firmware signed with a SHA-256 signature,7.6.4 and later,NDM SRG-APP-000131-NDM-000243,— (the signature is checked automatically before an upgrade)
Administrator accounts,Encryption of all password and key settings,7.6.4 and later,NDM SRG-APP-000171-NDM-000258,—
Firmware and configuration,Encrypted configuration backup and restore,7.6.4 and later,NDM SRG-APP-000516-NDM-000340,FortiExtender CLI: execute config backup tftp <REMOTE_FILE> <TFTP_SERVER> encrypt <PASSWORD>
LAN extension,Health checks in LAN extension profiles (FortiOS 7.6.5 or later),7.6.4 and later,RTR SRG-NET-000760-RTR-000160,FortiGate: config extension-controller extender-profile; edit <PROFILE>; config lan-extension; config backhaul; edit <ID>; set port <PORT>; set health-check-interval <SECONDS>; next; end; end; next; end
LAN extension,FortiZTP provisioning of FortiExtenders in LAN extension mode,7.6.5 and later,RTR SRG-NET-000362-RTR-000109,— (provision through the FortiGate instead of FortiZTP)
VPN,Null encryption (null-sha1 and null-sha256) in IPsec phase 2,7.6.5 and later,VPN SRG-NET-000371-VPN-001650; VPN SRG-NET-000525-VPN-002330,FortiExtender CLI: config vpn ipsec phase2-interface; edit <PHASE2>; set proposal aes256-sha256; next; end
IPv6,IPv6 prefix delegation with SLAAC,7.6.5 and later,"No direct requirement; if unused, disable (NDM SRG-APP-000142-NDM-000245)",—
GUI,Redesigned GUI layout,7.6.5 and later,"No direct requirement; if unused, disable (NDM SRG-APP-000142-NDM-000245)",—
VPN,"IPv6 IPsec VPN (IPv6 transport, phase 2 selectors, dual stack)",7.6.5 and later,VPN SRG-NET-000132-VPN-000460; VPN SRG-NET-000525-VPN-002330,FortiExtender CLI: config vpn ipsec phase1-interface; edit <TUNNEL>; set ip-version 6; set ike-version 2; set remote-gw6 <PEER_IPV6>; next; end
IPv6,"DHCPv6 servers on physical, switch, and Wi-Fi LAN interfaces",7.6.5 and later,"No direct requirement; if unused, disable (NDM SRG-APP-000142-NDM-000245)",FortiExtender CLI: config system dhcp6server; edit <ID>; set status disable; next; end
IPv6,IPv6 on Wi-Fi LAN and Wi-Fi WAN interfaces,7.6.5 and later,"No direct requirement; if unused, disable (NDM SRG-APP-000142-NDM-000245)",—
SNMP,IPv6 SNMP hosts,7.6.5 and later,NDM SRG-APP-000395-NDM-000310,FortiExtender CLI: config snmp hosts; edit <HOST>; set host-ip <IPV6_PREFIX>; set host-type any; next; end
SNMP,SNMP OID and MIB data type updates,7.6.5 and later,"No direct requirement; if unused, disable (NDM SRG-APP-000142-NDM-000245)",—
IPv6,IPv6 redirect portal address for DNS filtering,7.6.5 and later,"No direct requirement; if unused, disable (NDM SRG-APP-000142-NDM-000245)",—
Wi-Fi,IPv6 RADIUS server and source address for WPA2 and WPA3 Enterprise in Wi-Fi LAN mode,7.6.5 and later,"No direct requirement; if unused, disable (NDM SRG-APP-000142-NDM-000245)",—
Wi-Fi,IPv6 captive portal servers and IPv6 security exempt lists,7.6.5 and later,"No direct requirement; if unused, disable (NDM SRG-APP-000142-NDM-000245)",—
Management,SSH login lockout: ten minutes after five failed attempts,7.6.5 and later,NDM SRG-APP-000065-NDM-000214,— (fixed behavior; not configurable)
Cellular WAN,LTE and 5G traffic offload to a coprocessor in local NAT mode (FER-511G and FEV-511G),7.6.5 and later,"No direct requirement; if unused, disable (NDM SRG-APP-000142-NDM-000245)",FortiExtender CLI: config system management; config local; set modem-offload disable; end; end
Cellular WAN,Assisted GPS (A-GPS) on G-series models,7.6.5 and later,"No direct requirement; if unused, disable (NDM SRG-APP-000142-NDM-000245)",FortiExtender CLI: config lte setting; config modem1; set gps disable; end; end
Logging,"OBM console log output saved to USB, FTP, SFTP, SMB, or NFS",7.6.5 and later,"No direct requirement; if unused, disable (NDM SRG-APP-000142-NDM-000245)",—
Cellular WAN,CHAP authentication and APN order for multiple packet data networks (managed),7.6.5 and later,"No direct requirement; if unused, disable (NDM SRG-APP-000142-NDM-000245)",—
IPv6,IPv6 addresses in health monitoring health checks,8.0.0 and later,"No direct requirement; if unused, disable (NDM SRG-APP-000142-NDM-000245)",—
Wi-Fi,Wi-Fi password complexity enforcement (AT&T FirstNet certification),8.0.0 and later,"No direct requirement; if unused, disable (NDM SRG-APP-000142-NDM-000245)",—
Wi-Fi,802.1X EAP-TLS certificate authentication in Wi-Fi client mode,8.0.0 and later,"No direct requirement; if unused, disable (NDM SRG-APP-000142-NDM-000245)",—
Monitoring,On-demand interface speed tests,8.0.0 and later,"No direct requirement; if unused, disable (NDM SRG-APP-000142-NDM-000245)",—
Management,API token expiration and encrypted API tokens,8.0.0 and later,NDM SRG-APP-000408-NDM-000314,FortiExtender CLI: execute api-user generate-key <API_USER> <EXPIRE_SECONDS>
Administrator accounts,Per-administrator setting to allow or deny SSH login,8.0.0 and later,NDM SRG-APP-000142-NDM-000245; NDM SRG-APP-000408-NDM-000314,FortiExtender CLI: config system admin; edit <ADMIN>; set allow-ssh disable; next; end
Management,SSH access disabled by default on FEX-511G-WiFi,8.0.0 and later,NDM SRG-APP-000142-NDM-000245,—
Firmware and configuration,"Digitally signed configuration backup files, validated on restore",8.0.0 and later,NDM SRG-APP-000516-NDM-000340; NDM SRG-APP-000516-NDM-000335,— (the signature is checked automatically on restore)
LAN extension,Persistent LAN extension (LE-Always) mode (FortiOS 8.0.1 or later),8.0.0 and later,"No direct requirement; if unused, disable (NDM SRG-APP-000142-NDM-000245)",FortiGate: config extension-controller extender-profile; edit <PROFILE>; set lanext-always-mode disable; next; end
LAN extension,Wi-Fi WAN interfaces as LAN extension uplink and discovery interfaces in Wi-Fi station mode (FortiOS 8.0.1 or later),8.0.0 and later,"No direct requirement; if unused, disable (NDM SRG-APP-000142-NDM-000245)",—
Networking,MAC filter based traffic control on Branch platform models,8.0.0 and later,"No direct requirement; if unused, disable (NDM SRG-APP-000142-NDM-000245)",—
Authentication,LDAP authentication of administrators,8.0.0 and later,NDM SRG-APP-000516-NDM-000336,FortiExtender CLI: config user ldap; edit <LDAP>; set server <LDAP_SERVER>; set secure ldaps; set port 636; set ca-cert <CA_CERT>; set server-identity-check enable; next; end; FortiExtender CLI: config user group; edit <GROUP>; set ldap-member <LDAP>; next; end
Vehicle,GPS and GNSS data forwarding in NMEA format over UDP on FortiExtender Vehicle models,8.0.0 and later,"No direct requirement; if unused, disable (NDM SRG-APP-000142-NDM-000245)",FortiExtender CLI: config lte setting; config modem1; set gps-reporting disable; end; end
