Category,Feature,Introduced (FortiADC),SRG requirement(s),Command to satisfy the requirement
Core: Management access,"Administrative access per interface (HTTP, HTTPS, ping, SNMP, SSH, Telnet)",7.0.0 or earlier,NDM SRG-APP-000142-NDM-000245; NDM SRG-APP-000412-NDM-000331; NDM SRG-APP-000408-NDM-000314; NDM SRG-APP-000172-NDM-000259; NDM SRG-APP-000880-NDM-000290,config system interface; edit <MGMT_PORT>; set allowaccess https ssh; next; end (management interface only; leave out HTTP and Telnet)
Core: Management access,HTTP-to-HTTPS redirect for the web UI,7.0.0 or earlier,NDM SRG-APP-000172-NDM-000259; NDM SRG-APP-000412-NDM-000331,"GUI: System > Settings (Redirect to HTTPS, enabled by default)"
Core: Management access,TLS versions and cipher suites for the web UI and REST API,7.0.0 or earlier,NDM SRG-APP-000412-NDM-000331; NDM SRG-APP-000411-NDM-000330; NDM SRG-APP-000179-NDM-000265,"— (no setting in the 8.0.3 CLI Reference; see the 8.0.4 row ""Configurable TLS parameters"")"
Core: Management access,SSH CBC ciphers and HMAC-MD5 for administration,7.0.0 or earlier,NDM SRG-APP-000412-NDM-000331; NDM SRG-APP-000411-NDM-000330,config system global; set ssh-cbc-cipher disable; set ssh-hmac-md5 disable; end
Core: Management access,"Administrative HTTP, HTTPS, SSH, and Telnet port numbers",7.0.0 or earlier,"No direct requirement; if unused, disable (ALG SRG-NET-000131-ALG-000085)",—
Core: Management access,Web UI server certificate,7.0.0 or earlier,NDM SRG-APP-000516-NDM-000344; NDM SRG-APP-000910-NDM-000300,GUI: System > Settings (HTTPS Server Cert: a DoD-issued certificate)
Core: Management access,Trusted hosts for each administrator,7.0.0 or earlier,NDM SRG-APP-000408-NDM-000314; NDM SRG-APP-000038-NDM-000213,config system admin; edit <ADMIN>; set trusted-hosts <MGMT_SUBNET>; next; end
Core: Management access,Idle timeout for administrator sessions,7.0.0 or earlier,NDM SRG-APP-000190-NDM-000267,config system global; set admin-idle-timeout 10; end
Core: Management access,Pre-login banner for administrators,7.0.0 or earlier,NDM SRG-APP-000068-NDM-000215,config system global; set pre-login-banner enable; end (banner text under System > Replacement Messages)
Core: Management access,Shell access,7.0.0 or earlier,NDM SRG-APP-000142-NDM-000245; NDM SRG-APP-000340-NDM-000288,config system global; set shell-access disable; end
Core: Administrator accounts,Local administrator accounts,7.0.0 or earlier,NDM SRG-APP-000148-NDM-000346; NDM SRG-APP-000153-NDM-000249,config system admin; edit <ADMIN>; set auth-strategy local; set access-profile <PROFILE>; set password <PASSWORD_15_CHARS_MIN>; next; end
Core: Administrator accounts,"Access profiles (none, read, read-write per functional area)",7.0.0 or earlier,NDM SRG-APP-000033-NDM-000212; NDM SRG-APP-000231-NDM-000271; NDM SRG-APP-000380-NDM-000304; NDM SRG-APP-000340-NDM-000288,config system accprofile; edit <PROFILE>; set system read; set log read; set security read; next; end
Core: Administrator accounts,Global administrators and VDOM administrators,7.0.0 or earlier,NDM SRG-APP-000033-NDM-000212; NDM SRG-APP-000153-NDM-000249,config system admin; edit <ADMIN>; set is-system-admin no; set vdom <VDOM>; next; end (global access only for the administrators who need it)
Core: Administrator accounts,Password policy for administrators (length and character types),7.0.0 or earlier,NDM SRG-APP-000164-NDM-000252; NDM SRG-APP-000166-NDM-000254; NDM SRG-APP-000167-NDM-000255; NDM SRG-APP-000168-NDM-000256; NDM SRG-APP-000169-NDM-000257,config system password-policy; set status enable; set apply-to admin-user; set minimum-length 15; set must-contain upper-case-letter lower-case-letter number non-alphanumeric; end
Core: Administrator accounts,Remote administrator authentication with RADIUS,7.0.0 or earlier,NDM SRG-APP-000516-NDM-000336; NDM SRG-APP-000153-NDM-000249,config user radius; edit <RADIUS>; set server <RADIUS_SERVER>; set secret <SECRET>; set auth-type ms_chapv2; next; end; config system admin; edit <ADMIN>; set auth-strategy radius; set radius-server <RADIUS>; set access-profile <PROFILE>; next; end
Core: Administrator accounts,Remote administrator authentication with LDAP,7.0.0 or earlier,NDM SRG-APP-000516-NDM-000336; NDM SRG-APP-000153-NDM-000249; NDM SRG-APP-000172-NDM-000259,config user ldap; edit <LDAP>; set server <LDAP_SERVER>; set port 636; set cnid <CNID>; set dn <BASE_DN>; next; end; config system admin; edit <ADMIN>; set auth-strategy ldap; set ldap-server <LDAP>; next; end (LDAPS or StartTLS and the CA profile are set in the web UI under Application Access Manager > Remote Server)
Core: Administrator accounts,Two-factor authentication for local administrators (FortiIdentity Cloud),7.0.0 or earlier,NDM SRG-APP-000820-NDM-000170; NDM SRG-APP-000825-NDM-000180,"GUI: System > Administrator (Two-factor Authentication; a cloud service, so only if authorized)"
Core: Administrator accounts,Audit of administrator and configuration changes (event log),7.0.0 or earlier,NDM SRG-APP-000026-NDM-000208; NDM SRG-APP-000027-NDM-000209; NDM SRG-APP-000343-NDM-000289; NDM SRG-APP-000380-NDM-000304,config log setting local; set event-log-status enable; set event-log-category admin configuration system user; end
Core: Logging and alerts,"Local logging of event, security, and traffic logs",7.0.0 or earlier,NDM SRG-APP-000503-NDM-000320; NDM SRG-APP-000505-NDM-000322; NDM SRG-APP-000095-NDM-000225; NDM SRG-APP-000096-NDM-000226; ALG SRG-NET-000503-ALG-000038; ALG SRG-NET-000505-ALG-000039,config log setting local; set status enable; set event-log-status enable; set attack-log-status enable; set loglevel information; end
Core: Logging and alerts,"Security (attack) logs for WAF, IPS, antivirus, DoS, geo IP, IP reputation, and firewall",7.0.0 or earlier,ALG SRG-NET-000074-ALG-000043; ALG SRG-NET-000075-ALG-000044; ALG SRG-NET-000076-ALG-000045; ALG SRG-NET-000077-ALG-000046; ALG SRG-NET-000078-ALG-000047; ALG SRG-NET-000079-ALG-000048,config log setting local; set attack-log-status enable; set attack-log-category waf ips av ddos geo ipreputation fw; end
Core: Logging and alerts,Traffic logs for virtual servers,7.0.0 or earlier,ALG SRG-NET-000074-ALG-000043; ALG SRG-NET-000077-ALG-000046; ALG SRG-NET-000370-ALG-000125,config load-balance virtual-server; edit <VS>; set traffic-log enable; next; end; config log setting local; set traffic-log-status enable; set traffic-log-category slb; end
Core: Logging and alerts,Remote syslog servers,7.0.0 or earlier,NDM SRG-APP-000515-NDM-000325; NDM SRG-APP-000516-NDM-000350; ALG SRG-NET-000334-ALG-000050; ALG SRG-NET-000511-ALG-000051,config log setting remote; edit <SYSLOG_ID>; set status enable; set server <SYSLOG_SERVER>; set proto tcpssl; set event-log-status enable; set attack-log-status enable; set traffic-log-status enable; next; end
Core: Logging and alerts,Local log disk full action,7.0.0 or earlier,NDM SRG-APP-000357-NDM-000293; NDM SRG-APP-000360-NDM-000295; ALG SRG-NET-000088-ALG-000054,config log setting local; set disk-full nolog; end (and alert on disk usage through an automation stitch)
Core: Logging and alerts,Alert email and automation stitches (triggers and actions),7.0.0 or earlier,NDM SRG-APP-000360-NDM-000295; ALG SRG-NET-000088-ALG-000054; ALG SRG-NET-000392-ALG-000141; ALG SRG-NET-000249-ALG-000146,config system mailserver; set address <SMTP_SERVER>; set security starttls; set smtp-auth enable; end; config system alert-email; edit <ALERT_EMAIL>; set to <ISSO_EMAIL>; next; end; GUI: Security Fabric > Automation
Core: Logging and alerts,Protection of logs through access profiles,7.0.0 or earlier,NDM SRG-APP-000119-NDM-000236; ALG SRG-NET-000098-ALG-000056; ALG SRG-NET-000099-ALG-000057; ALG SRG-NET-000100-ALG-000058,config system accprofile; edit <PROFILE>; set log read; next; end
Core: Time and SNMP,NTP time synchronization,7.0.0 or earlier,NDM SRG-APP-000920-NDM-000320; NDM SRG-APP-000374-NDM-000299,config system time ntp; set ntpsync enable; config ntp-server; edit 1; set server <NTP_SERVER>; next; end; end
Core: Time and SNMP,SNMPv3 users,7.0.0 or earlier,NDM SRG-APP-000395-NDM-000310; NDM SRG-APP-000412-NDM-000331,config system snmp user; edit <SNMP_USER>; set status enable; set security-level authpriv; set auth-proto sha256; set auth-pwd <AUTH_KEY>; set priv-proto aes256; set priv-pwd <PRIV_KEY>; next; end
Core: Time and SNMP,SNMP v1 and v2c communities,7.0.0 or earlier,NDM SRG-APP-000395-NDM-000310; NDM SRG-APP-000142-NDM-000245,config system snmp community; edit <ID>; set status disable; next; end
Core: System integrity,Firmware upgrades,7.0.0 or earlier,NDM SRG-APP-000457-NDM-000352; NDM SRG-APP-001035-NDM-000340; NDM SRG-APP-000131-NDM-000243,GUI: System > Firmware (check the image checksum published in the release notes before upgrading)
Core: System integrity,"FortiGuard updates (WAF signatures, IPS, antivirus, IP reputation, and geo IP)",7.0.0 or earlier,ALG SRG-NET-000019-ALG-000019; ALG SRG-NET-000246-ALG-000132; ALG SRG-NET-000251-ALG-000131,config system fortiguard; set scheduled-update-status enable; set scheduled-update-frequency daily; end
Core: System integrity,Scheduled configuration backup,7.0.0 or earlier,NDM SRG-APP-000516-NDM-000340,config system auto-backup; set scheduled-backup-status enable; set scheduled-backup-frequency daily; set storage sftp; set address <SFTP_SERVER>; set username <USER>; set password <PASSWORD>; end
Core: System integrity,Central management (FortiADC Manager),7.0.0 or earlier,NDM SRG-APP-000516-NDM-000340; NDM SRG-APP-000516-NDM-000335,config system central-management; set status enable; set mgmt-type FortiADC-Manager; set mgmt-addr <MANAGER_ADDRESS>; end
Core: System integrity,"Configuration synchronization between appliances (config-sync, not HA)",7.0.0 or earlier,"No direct requirement; if unused, disable (ALG SRG-NET-000131-ALG-000085)",config system global; set config-sync disable; end
Core: System integrity,Virtual domains (VDOMs),7.0.0 or earlier,ALG SRG-NET-000715-ALG-000120,config system global; set vdom-admin enable; set vdom-mode independent-network; end (where tenants or applications must be separated)
Core: High availability,"High availability (active-passive, active-active, and active-active-VRRP clusters)",7.0.0 or earlier,ALG SRG-NET-000365-ALG-000123; ALG SRG-NET-000235-ALG-000118; ALG SRG-NET-000236-ALG-000119; ALG SRG-NET-000362-ALG-000120,config system ha; set mode active-passive; set group-id <GROUP_ID>; set group-name <GROUP>; set hbdev <HB_PORT>; set datadev <DATA_PORT>; end
Core: Certificates,"Local, CA, and intermediate CA certificates (trust store)",7.0.0 or earlier,ALG SRG-NET-000750-ALG-000140; ALG SRG-NET-000755-ALG-000150; NDM SRG-APP-000910-NDM-000300,GUI: System > Certificates (keep only DoD and organization-approved CA certificates)
Core: Certificates,"Certificate verification (CA group, OCSP, and CRL)",7.0.0 or earlier,ALG SRG-NET-000164-ALG-000100; ALG SRG-NET-000345-ALG-000099; ALG SRG-NET-000355-ALG-000117; NDM SRG-APP-000175-NDM-000262; NDM SRG-APP-000875-NDM-000280,config system certificate certificate_verify; edit <VERIFY>; config group_member; edit 1; set ca-certificate <DOD_CA>; set ocsp <OCSP>; set crl <CRL>; next; end; next; end
Core: Certificates,Certificate revocation lists (CRL),7.0.0 or earlier,ALG SRG-NET-000345-ALG-000099; NDM SRG-APP-000875-NDM-000280,config system certificate crl; edit <CRL>; set http-url <CRL_URL>; next; end
Core: Server load balancing,"Virtual servers (Layer 2, Layer 4, and Layer 7)",7.0.0 or earlier,ALG SRG-NET-000018-ALG-000017; ALG SRG-NET-000364-ALG-000122; ALG SRG-NET-000362-ALG-000120,config load-balance virtual-server; edit <VS>; set type l7-load-balance; set load-balance-profile <LB_PROFILE>; set load-balance-pool <POOL>; set waf-profile <WAF_PROFILE>; set status enable; next; end
Core: Server load balancing,Real server pools and health checks,7.0.0 or earlier,ALG SRG-NET-000362-ALG-000120; ALG SRG-NET-000365-ALG-000123,config load-balance pool; edit <POOL>; set health-check-ctrl enable; set health-check-list <HEALTH_CHECK>; next; end
Core: Server load balancing,Client SSL profiles (SSL offloading: TLS versions and ciphers),7.0.0 or earlier,ALG SRG-NET-000062-ALG-000150; ALG SRG-NET-000510-ALG-000111; ALG SRG-NET-000062-ALG-000092,config load-balance client-ssl-profile; edit <CLIENT_SSL_PROFILE>; set ssl-allowed-versions tlsv1.2 tlsv1.3; set ssl-ciphers <APPROVED_CIPHERS>; set renegotiation disable; next; end; config load-balance virtual-server; edit <VS>; set client-ssl-profile <CLIENT_SSL_PROFILE>; next; end
Core: Server load balancing,Client certificate authentication (mutual TLS),7.0.0 or earlier,ALG SRG-NET-000140-ALG-000094; ALG SRG-NET-000166-ALG-000101; ALG SRG-NET-000355-ALG-000117; ALG SRG-NET-000164-ALG-000100,config load-balance client-ssl-profile; edit <CLIENT_SSL_PROFILE>; set client-certificate-verify <VERIFY>; set client-certificate-verify-option required; next; end
Core: Server load balancing,Real server SSL profiles (re-encryption to back-end servers),7.0.0 or earlier,ALG SRG-NET-000062-ALG-000150; ALG SRG-NET-000164-ALG-000100,config load-balance real-server-ssl-profile; edit <RS_SSL_PROFILE>; set ssl enable; set allow-ssl-versions tlsv1.2 tlsv1.3; set server-cert-verify <VERIFY>; next; end
Core: Server load balancing,HTTP-to-HTTPS redirection on virtual servers,7.0.0 or earlier,ALG SRG-NET-000062-ALG-000150; ALG SRG-NET-000230-ALG-000113,config load-balance virtual-server; edit <VS>; set http2https enable; next; end
Core: Server load balancing,Application profiles (HTTP timeouts and X-Forwarded-For),7.0.0 or earlier,ALG SRG-NET-000512-ALG-000066; ALG SRG-NET-000077-ALG-000046; ALG SRG-NET-000705-ALG-000110,config load-balance profile; edit <LB_PROFILE>; set http-x-forwarded-for enable; set client-header-timeout <SECONDS>; set client-body-timeout <SECONDS>; next; end
Core: Server load balancing,Connection and transaction rate limits on virtual servers,7.0.0 or earlier,ALG SRG-NET-000705-ALG-000110; ALG SRG-NET-000362-ALG-000112,config load-balance virtual-server; edit <VS>; set connection-limit <MAX>; set connection-rate-limit <RATE>; set trans-rate-limit <RATE>; next; end
Core: Server load balancing,Content routing and content rewriting,7.0.0 or earlier,"No direct requirement; if unused, disable (ALG SRG-NET-000131-ALG-000085)",—
Core: Server load balancing,Persistence rules,7.0.0 or earlier,"No direct requirement; if unused, disable (ALG SRG-NET-000131-ALG-000085)",—
Core: Server load balancing,"Caching, compression, and PageSpeed (application optimization)",7.0.0 or earlier,"No direct requirement; if unused, disable (ALG SRG-NET-000131-ALG-000085)",—
Core: Server load balancing,Lua scripting,7.0.0 or earlier,"No direct requirement; if unused, disable (ALG SRG-NET-000131-ALG-000085)",— (attach only approved scripts to virtual servers)
Core: Server load balancing,Error pages and error messages,7.0.0 or earlier,ALG SRG-NET-000273-ALG-000129; ALG SRG-NET-000402-ALG-000130,GUI: Server Load Balance > Advanced Profiles (Error Page; remove internal details)
Core: Server load balancing,"Authentication policies for users (HTML form, HTTP basic, and NTLM) with LDAP, RADIUS, or local users",7.0.0 or earlier,ALG SRG-NET-000138-ALG-000063; ALG SRG-NET-000138-ALG-000088; ALG SRG-NET-000138-ALG-000089,config user user-group; edit <USER_GROUP>; set client-auth-method html_form_auth; set auth-log all; next; end; config load-balance virtual-server; edit <VS>; set auth-policy <AUTH_POLICY>; next; end
Core: Server load balancing,Authentication session timeout and remote user credential cache,7.0.0 or earlier,ALG SRG-NET-000213-ALG-000107; ALG SRG-NET-000517-ALG-000006; ALG SRG-NET-000344-ALG-000098; ALG SRG-NET-000337-ALG-000096,config user user-group; edit <USER_GROUP>; set auth-session-timeout 15; set user-cache-timeout <SECONDS>; next; end
Core: Server load balancing,SAML service provider for user single sign-on,7.0.0 or earlier,ALG SRG-NET-000138-ALG-000063; ALG SRG-NET-000138-ALG-000088; ALG SRG-NET-000230-ALG-000113,config user saml-sp; edit <SAML_SP>; set idp-metadata <IDP_METADATA>; set local-cert <SP_CERT>; next; end
Core: Server load balancing,SSL forward proxy (re-signing CA),7.0.0 or earlier,ALG SRG-NET-000062-ALG-000092; ALG SRG-NET-000750-ALG-000140,config load-balance client-ssl-profile; edit <CLIENT_SSL_PROFILE>; set forward-proxy enable; set forward-proxy-local-signing-CA <DOD_ISSUED_SUBCA>; next; end (only where outbound SSL inspection is required)
Core: Global load balancing,Global server load balancing and the global DNS server,7.0.0 or earlier,"No direct requirement; if unused, disable (ALG SRG-NET-000131-ALG-000085)",—
Core: Global load balancing,DNS recursion,7.0.0 or earlier,"No direct requirement; if unused, disable (ALG SRG-NET-000131-ALG-000085)",config global-dns-server general; set recursion-status disable; end
Core: Link load balancing,"Link load balancing (link groups, link policies, and virtual tunnels)",7.0.0 or earlier,"No direct requirement; if unused, disable (ALG SRG-NET-000131-ALG-000085)",—
Core: Network security,Firewall policies (default deny),7.0.0 or earlier,ALG SRG-NET-000202-ALG-000124; ALG SRG-NET-000018-ALG-000017; NDM SRG-APP-000038-NDM-000213,config firewall policy; set default-action deny; end
Core: Network security,IP reputation,7.0.0 or earlier,ALG SRG-NET-000019-ALG-000018; ALG SRG-NET-000392-ALG-000142,config load-balance profile; edit <LB_PROFILE>; set ip-reputation enable; next; end
Core: Network security,Geo IP block lists,7.0.0 or earlier,ALG SRG-NET-000364-ALG-000122; ALG SRG-NET-000019-ALG-000018,config load-balance geoip-list; edit <GEOIP_LIST>; set action deny; set log enable; next; end; config load-balance profile; edit <LB_PROFILE>; set geoip-list <GEOIP_LIST>; next; end
Core: Network security,Intrusion prevention (IPS),7.0.0 or earlier,ALG SRG-NET-000383-ALG-000135; ALG SRG-NET-000390-ALG-000139; ALG SRG-NET-000391-ALG-000140; ALG SRG-NET-000362-ALG-000126; ALG SRG-NET-000392-ALG-000141,config security ips profile; edit <IPS_PROFILE>; config entries; edit 1; set severity high critical; set action block; set log enable; next; end; next; end; config load-balance virtual-server; edit <VS>; set ips-profile <IPS_PROFILE>; next; end
Core: Network security,Antivirus scanning,7.0.0 or earlier,ALG SRG-NET-000248-ALG-000133; ALG SRG-NET-000249-ALG-000134; ALG SRG-NET-000765-ALG-000170; ALG SRG-NET-000249-ALG-000145,config security antivirus profile; edit <AV_PROFILE>; set av-virus-log enable; set oversize block; set options quarantine; next; end; config load-balance virtual-server; edit <VS>; set av-profile <AV_PROFILE>; next; end
Core: Network security,FortiSandbox integration,7.0.0 or earlier,ALG SRG-NET-000765-ALG-000170,config system fortisandbox; set status enable; set type fsa; set server <FSA_SERVER>; set enc-algorithm high; end
Core: Network security,"DoS protection (TCP SYN flood, HTTP request flood, HTTP access limit)",7.0.0 or earlier,ALG SRG-NET-000362-ALG-000112; ALG SRG-NET-000362-ALG-000155; ALG SRG-NET-000705-ALG-000110; ALG SRG-NET-000392-ALG-000148,config security dos tcp-synflood-protection; edit <SYN_PROFILE>; set syncookie enable; set max-half-open <COUNT>; next; end; config security dos http-request-flood-protection; edit <HTTP_FLOOD>; set status enable; set action deny; set log enable; next; end; config load-balance virtual-server; edit <VS>; set dos-profile <DOS_PROFILE>; next; end
Core: Web application firewall,WAF profiles applied to virtual servers,7.0.0 or earlier,ALG SRG-NET-000018-ALG-000017; ALG SRG-NET-000019-ALG-000018; ALG SRG-NET-000512-ALG-000062,config security waf profile; edit <WAF_PROFILE>; set web-attack-signature <SIGNATURE_PROFILE>; set http-protocol-constraint <CONSTRAINT_PROFILE>; set url-protection <URL_PROTECTION>; next; end; config load-balance virtual-server; edit <VS>; set waf-profile <WAF_PROFILE>; next; end
Core: Web application firewall,"Web attack signatures (SQL injection, XSS, and other attack classes)",7.0.0 or earlier,ALG SRG-NET-000318-ALG-000152; ALG SRG-NET-000319-ALG-000020; ALG SRG-NET-000318-ALG-000014; ALG SRG-NET-000319-ALG-000015; ALG SRG-NET-000318-ALG-000151; ALG SRG-NET-000319-ALG-000153,config security waf web-attack-signature; edit <SIGNATURE_PROFILE>; set high-severity-action deny; set medium-severity-action deny; set low-severity-action alert; set request-body-detection enable; next; end
Core: Web application firewall,SQL and XSS injection detection (heuristic),7.0.0 or earlier,ALG SRG-NET-000318-ALG-000152; ALG SRG-NET-000319-ALG-000020; ALG SRG-NET-000319-ALG-000153,config security waf profile; edit <WAF_PROFILE>; set heuristic-sql-xss-injection-detection <INJECTION_PROFILE>; next; end
Core: Web application firewall,HTTP protocol constraints,7.0.0 or earlier,ALG SRG-NET-000512-ALG-000066; ALG SRG-NET-000401-ALG-000127; ALG SRG-NET-000380-ALG-000128,config security waf http-protocol-constraint; edit <CONSTRAINT_PROFILE>; set illegal-http-version-check enable; set illegal-host-name-check enable; next; end
Core: Web application firewall,URL protection (URL access and file extension rules),7.0.0 or earlier,ALG SRG-NET-000015-ALG-000016; ALG SRG-NET-000202-ALG-000124,config security waf profile; edit <WAF_PROFILE>; set url-protection <URL_PROTECTION>; next; end
Core: Web application firewall,"Input validation (parameter validation, hidden fields, and file restriction)",7.0.0 or earlier,ALG SRG-NET-000401-ALG-000127; ALG SRG-NET-000380-ALG-000128; ALG SRG-NET-000289-ALG-000110,config security waf profile; edit <WAF_PROFILE>; set input-validation-policy <INPUT_POLICY>; next; end
Core: Web application firewall,XML and JSON validation,7.0.0 or earlier,ALG SRG-NET-000401-ALG-000127; ALG SRG-NET-000380-ALG-000128,config security waf profile; edit <WAF_PROFILE>; set xml-validation <XML_DETECTION>; set json-validation <JSON_DETECTION>; next; end
Core: Web application firewall,"Cookie security (signing or encryption, HttpOnly, and Secure flags)",7.0.0 or earlier,ALG SRG-NET-000230-ALG-000113; ALG SRG-NET-000233-ALG-000115,config security waf cookie-security; edit <COOKIE_POLICY>; set security-mode signed; set httponly enable; set secure enable; next; end; config security waf profile; edit <WAF_PROFILE>; set cookie-security <COOKIE_POLICY>; next; end
Core: Web application firewall,CSRF protection,7.0.0 or earlier,ALG SRG-NET-000230-ALG-000113,config security waf profile; edit <WAF_PROFILE>; set csrf-protection <CSRF_POLICY>; next; end
Core: Web application firewall,HTTP header security (security response headers),7.0.0 or earlier,ALG SRG-NET-000228-ALG-000108; ALG SRG-NET-000288-ALG-000109,GUI: Web Application Firewall > WAF Profile (HTTP Header Security)
Core: Web application firewall,Brute force login protection,7.0.0 or earlier,ALG SRG-NET-000362-ALG-000112; ALG SRG-NET-000138-ALG-000063,config security waf profile; edit <WAF_PROFILE>; set brute-force-login <BRUTE_FORCE_POLICY>; next; end
Core: Web application firewall,Sensitive data protection (data types in responses),7.0.0 or earlier,ALG SRG-NET-000391-ALG-000140,GUI: Web Application Firewall > Sensitive Data Protection
Core: Web application firewall,Web anti-defacement,7.0.0 or earlier,"No direct requirement; if unused, disable (ALG SRG-NET-000131-ALG-000085)",config security wad profile; edit <WAD_PROFILE>; set monitor disable; next; end
Core: Web application firewall,Web vulnerability scanner,7.0.0 or earlier,"No direct requirement; if unused, disable (ALG SRG-NET-000131-ALG-000085)",—
Core: Security Fabric,Security Fabric connection,7.0.0 or earlier,"No direct requirement; if unused, disable (ALG SRG-NET-000131-ALG-000085)",config system csf; set status disable; end
Server load balancing,FTPS virtual servers (security mode in the FTP application profile),7.0.0 and later,ALG SRG-NET-000512-ALG-000065; ALG SRG-NET-000062-ALG-000150,config load-balance profile; edit <LB_PROFILE>; set type ftp; set security-mode explicit; next; end (or implicit; with a client SSL profile that allows only TLS 1.2 and later)
Global load balancing,Root CA verification between GSLB and SLB (protection against MITM attacks),7.0.0 and later,ALG SRG-NET-000164-ALG-000100; ALG SRG-NET-000062-ALG-000150,config global-load-balance setting; set auth-type auth_verify; set ca-verify enable; set ca-group <CA_GROUP>; end
Server load balancing,Shared IP addresses for SNAT and virtual servers (different port ranges),7.0.0 and later,"No direct requirement; if unused, disable (ALG SRG-NET-000131-ALG-000085)",config system global; set share-ip-address disable; end
User authentication,"SAML enhancements (SP metadata export, signed authentication requests, signed assertions, redirect logout binding)",7.0.0 and later,ALG SRG-NET-000138-ALG-000063; ALG SRG-NET-000138-ALG-000088; ALG SRG-NET-000147-ALG-000095,config user saml-sp; edit <SAML_SP>; set assertion-require-sign enable; set authnrequest-sign-algorithm rsa-sha256; next; end
Troubleshooting,Layer 4 virtual server debug (diagnose debug flow),7.0.0 and later,"No direct requirement; if unused, disable (ALG SRG-NET-000131-ALG-000085)",—
Web application firewall,"WAF exception rule types (HTTP method, header, cookie, parameter, source IPv6)",7.0.0 and later,"No direct requirement; if unused, disable (ALG SRG-NET-000131-ALG-000085)",— (keep exceptions to the minimum the application needs)
Network security,IP reputation with the Internet Service Database (ISDB),7.0.0 and later,ALG SRG-NET-000019-ALG-000018; ALG SRG-NET-000392-ALG-000142,config load-balance profile; edit <LB_PROFILE>; set ip-reputation enable; next; end
System,FortiGuard delta package downloads for the antivirus database,7.0.0 and later,ALG SRG-NET-000246-ALG-000132,—
Certificates,FIPS support for HSM servers (FIPS-certified HSM),7.0.0 and later,ALG SRG-NET-000755-ALG-000150; ALG SRG-NET-000575-ALG-000020,— (HSM integration; no setting in the 8.0.3 CLI Reference)
Certificates,ACME certificate enrollment (for example from Let's Encrypt),7.0.0 and later,"No direct requirement; if unused, disable (ALG SRG-NET-000131-ALG-000085)",— (use only with a CA your organization approves)
High availability,Unicast HA (VRRP) for FortiADC-VM on KVM,7.0.0 and later,"No direct requirement; if unused, disable (ALG SRG-NET-000131-ALG-000085)",—
GUI,Login navigation page (set a host name and change the default password at first login),7.0.0 and later,"No direct requirement; if unused, disable (ALG SRG-NET-000131-ALG-000085)",—
GUI,GUI enhancements (dashboard and FortiView charts),7.0.0 and later,"No direct requirement; if unused, disable (ALG SRG-NET-000131-ALG-000085)",—
Platform,FortiADC-VM support for VMware hardware version 13,7.0.1 and later,"No direct requirement; if unused, disable (ALG SRG-NET-000131-ALG-000085)",—
Logging and alerts,OFTP log transport to FortiAnalyzer,7.0.1 and later,NDM SRG-APP-000515-NDM-000325; ALG SRG-NET-000334-ALG-000050,config log setting fortianalyzer; set status enable; set server <FAZ_SERVER>; set event-log-status enable; set attack-log-status enable; end
Logging and alerts,System and security event automation for specific virtual or real servers,7.0.1 and later,NDM SRG-APP-000360-NDM-000295; ALG SRG-NET-000392-ALG-000141,GUI: Security Fabric > Automation
Web application firewall,WAF exceptions created from WAF logs,7.0.1 and later,"No direct requirement; if unused, disable (ALG SRG-NET-000131-ALG-000085)",—
Management access,REST API administrator accounts (authorization token),7.0.1 and later,NDM SRG-APP-000408-NDM-000314; NDM SRG-APP-000153-NDM-000249,"GUI: System > Administrator (create only the REST API administrators that are needed, with trusted hosts)"
ZTNA,Zero Trust Network Access (FortiClient EMS tags and client certificates for Layer 7 HTTPS and TCPS virtual servers),7.0.2 and later,ALG SRG-NET-000015-ALG-000016; ALG SRG-NET-000164-ALG-000100; VPN SRG-NET-000343-VPN-001370; VPN SRG-NET-000148-VPN-000540,config endpoint-control fctems; edit <EMS>; set server <EMS_SERVER>; next; end; config load-balance virtual-server; edit <VS>; set ztna-profile <ZTNA_PROFILE>; next; end
Logging and alerts,Device host name in SNMP traps and syslog messages,7.0.2 and later,"No direct requirement; if unused, disable (ALG SRG-NET-000131-ALG-000085)",—
Server load balancing,RFC 7919 compliance in client and real server SSL profiles,7.1.0 and later,ALG SRG-NET-000062-ALG-000150,config load-balance client-ssl-profile; edit <CLIENT_SSL_PROFILE>; set rfc7919-comply enable; next; end
Server load balancing,Cookie hash and insert cookie persistence enhancements,7.1.0 and later,"No direct requirement; if unused, disable (ALG SRG-NET-000131-ALG-000085)",—
Server load balancing,"IPv6 for Layer 2 TCP, UDP, and IP virtual servers",7.1.0 and later,"No direct requirement; if unused, disable (ALG SRG-NET-000131-ALG-000085)",—
Server load balancing,"WAF deny error page (message ID, signature ID, and client IP)",7.1.0 and later,ALG SRG-NET-000273-ALG-000129,—
Server load balancing,Real server pool and pool member availability status,7.1.0 and later,"No direct requirement; if unused, disable (ALG SRG-NET-000131-ALG-000085)",—
Global load balancing,BIND 9.18.0 upgrade (DNSSEC on by default),7.1.0 and later,"No direct requirement; if unused, disable (ALG SRG-NET-000131-ALG-000085)",—
Web application firewall,View and release WAF blocked IP addresses (FortiView),7.1.0 and later,"No direct requirement; if unused, disable (ALG SRG-NET-000131-ALG-000085)",—
Network security,External IP lists in firewall policies (IP address external connector),7.1.0 and later,ALG SRG-NET-000364-ALG-000122; ALG SRG-NET-000202-ALG-000124,config firewall policy; config rule; edit <RULE_ID>; set source-type external-resource; set source-external-resource-address <EXTERNAL_LIST>; set action deny; next; end; end
Web application firewall,OWASP Top 10 2021 update (wizard and FortiView),7.1.0 and later,"No direct requirement; if unused, disable (ALG SRG-NET-000131-ALG-000085)",—
Web application firewall,SAP web server signature type,7.1.0 and later,ALG SRG-NET-000318-ALG-000151; ALG SRG-NET-000319-ALG-000153,—
Logging and alerts,FortiAnalyzer OFTP connectivity status and test,7.1.0 and later,"No direct requirement; if unused, disable (ALG SRG-NET-000131-ALG-000085)",—
Management access,Declarative REST API,7.1.0 and later,"No direct requirement; if unused, disable (ALG SRG-NET-000131-ALG-000085)",—
Certificates,ACME automatic renewal through the TLS-ALPN-01 challenge,7.1.0 and later,"No direct requirement; if unused, disable (ALG SRG-NET-000131-ALG-000085)",—
GUI,Child configuration created on the parent configuration page,7.1.0 and later,"No direct requirement; if unused, disable (ALG SRG-NET-000131-ALG-000085)",—
System,Administrative domains (ADOMs: VDOM mode share-network),7.1.1 and later,NDM SRG-APP-000033-NDM-000212; ALG SRG-NET-000715-ALG-000120,config system global; set vdom-admin enable; set vdom-mode share-network; end (where administrators must be limited to some virtual servers)
Logging and alerts,"Automation egress VDOM for syslog, SNMP trap, and webhook actions",7.1.1 and later,"No direct requirement; if unused, disable (ALG SRG-NET-000131-ALG-000085)",—
Network security,"Geo IP block lists and allowlists for SMTP, FTP, RADIUS, MSSQL, and ISO8583 profiles",7.1.1 and later,ALG SRG-NET-000364-ALG-000122; ALG SRG-NET-000019-ALG-000018,config load-balance profile; edit <LB_PROFILE>; set geoip-list <GEOIP_LIST>; next; end
Server load balancing,"NAT source pools for Layer 7 SMTP, MSSQL, and ISO8583 virtual servers",7.1.1 and later,"No direct requirement; if unused, disable (ALG SRG-NET-000131-ALG-000085)",—
Server load balancing,Error page customization in the web UI (LB_ERROR_PAGE_DEFAULT),7.1.1 and later,ALG SRG-NET-000273-ALG-000129; ALG SRG-NET-000402-ALG-000130,GUI: Server Load Balance > Advanced Profiles
User authentication,Error message for failed form-based authentication,7.1.1 and later,"No direct requirement; if unused, disable (ALG SRG-NET-000131-ALG-000085)",—
Global load balancing,"DNS over HTTP, HTTPS, and TLS (DoH and DoT)",7.2.0 and later,"No direct requirement; if unused, disable (ALG SRG-NET-000131-ALG-000085)",config global-dns-server general; set dns-over-http disable; set dns-over-https disable; set dns-over-tls disable; end
Scripting,AUTH class Lua function (BEFORE_AUTH),7.2.0 and later,"No direct requirement; if unused, disable (ALG SRG-NET-000131-ALG-000085)",—
Scripting,HTTP persistence Lua functions,7.2.0 and later,"No direct requirement; if unused, disable (ALG SRG-NET-000131-ALG-000085)",—
Global load balancing,Address book check for the named default port 53,7.2.0 and later,"No direct requirement; if unused, disable (ALG SRG-NET-000131-ALG-000085)",—
Troubleshooting,Layer 4 server load balance debug flow enhancements,7.2.0 and later,"No direct requirement; if unused, disable (ALG SRG-NET-000131-ALG-000085)",—
Server load balancing,Layer 4 FTP profile listening ports,7.2.0 and later,"No direct requirement; if unused, disable (ALG SRG-NET-000131-ALG-000085)",—
Web application firewall,Bot mitigation: threshold-based and biometrics-based detection,7.2.0 and later,ALG SRG-NET-000362-ALG-000112; ALG SRG-NET-000390-ALG-000139,config security waf profile; edit <WAF_PROFILE>; set threshold-based-detection <THRESHOLD_POLICY>; set biometrics-based-detection <BIOMETRICS_POLICY>; next; end
ZTNA,"ZTNA columns in FortiView (public IP, tags, MAC, OS)",7.2.0 and later,"No direct requirement; if unused, disable (ALG SRG-NET-000131-ALG-000085)",—
Platform,AWS Auto Scaling,7.2.0 and later,"No direct requirement; if unused, disable (ALG SRG-NET-000131-ALG-000085)",—
Logging and alerts,Automation workflow redesign (separate triggers and actions),7.2.0 and later,NDM SRG-APP-000360-NDM-000295; ALG SRG-NET-000392-ALG-000141,GUI: Security Fabric > Automation
Administrator accounts,TACACS+ remote authentication,7.2.0 and later,NDM SRG-APP-000516-NDM-000336; NDM SRG-APP-000153-NDM-000249,config user tacacs+; edit <TACACS>; set server <TACACS_SERVER>; set secret <SECRET>; set auth-type auto; next; end; config system admin; edit <ADMIN>; set auth-strategy tacacs_plus; set tacacs-plus-server <TACACS>; next; end
Management access,Declarative REST API enhancements,7.2.0 and later,"No direct requirement; if unused, disable (ALG SRG-NET-000131-ALG-000085)",—
SSL inspection,Source IP in the L2 exception list and SSLi bypass rules,7.2.1 and later,"No direct requirement; if unused, disable (ALG SRG-NET-000131-ALG-000085)",—
Troubleshooting,Debug file download enhancements,7.2.1 and later,"No direct requirement; if unused, disable (ALG SRG-NET-000131-ALG-000085)",—
Platform,FortiADC-VM on IBM Cloud,7.2.2 and later,"No direct requirement; if unused, disable (ALG SRG-NET-000131-ALG-000085)",—
Server load balancing,Auto-populated real servers from an FQDN,7.2.3+; 7.4.3+,"No direct requirement; if unused, disable (ALG SRG-NET-000131-ALG-000085)",—
Administrator accounts,System backup restricted to global administrators,7.2.3 and later,NDM SRG-APP-000516-NDM-000340; NDM SRG-APP-000033-NDM-000212,config system admin; edit <ADMIN>; set is-system-admin no; next; end (for administrators who must not back up the configuration)
Scripting,HTTP:Respond in HTTP response events,7.2.4 and later,"No direct requirement; if unused, disable (ALG SRG-NET-000131-ALG-000085)",—
High availability,Unicast and broadcast heartbeats for active-active-VRRP HA on hardware,7.2.7+; 7.4.4+,"No direct requirement; if unused, disable (ALG SRG-NET-000131-ALG-000085)",—
Scripting,SSL session ID persistence in Layer 7 TCP (LB:set_peer),7.2.7+; 7.4.5+,"No direct requirement; if unused, disable (ALG SRG-NET-000131-ALG-000085)",—
Global load balancing,"DNSSEC signing with 1024, 2048, and 4096-bit keys and new algorithms",7.4.0 and later,"No direct requirement; if unused, disable (ALG SRG-NET-000131-ALG-000085)",—
Global load balancing,Minimal responses option,7.4.0 and later,"No direct requirement; if unused, disable (ALG SRG-NET-000131-ALG-000085)",—
Global load balancing,Sync list for all GLB objects,7.4.0 and later,"No direct requirement; if unused, disable (ALG SRG-NET-000131-ALG-000085)",—
Platform,FortiADC Ingress Controller 2.0 (Kubernetes),7.4.0 and later,"No direct requirement; if unused, disable (ALG SRG-NET-000131-ALG-000085)",—
Platform,Red Hat OpenShift 4 support for the Ingress Controller,7.4.0 and later,"No direct requirement; if unused, disable (ALG SRG-NET-000131-ALG-000085)",—
Server load balancing,"HTTP/3 over QUIC (client side, experimental in 7.4.0)",7.4.0 and later,"No direct requirement; if unused, disable (ALG SRG-NET-000131-ALG-000085)",—
Server load balancing,TCP RST to client and real server on session timeout (Layer 4 and Layer 2),7.4.0 and later,ALG SRG-NET-000213-ALG-000107,config load-balance profile; edit <LB_PROFILE>; set timeout_send_rst enable; next; end
Server load balancing,Persistent cookie domain attribute,7.4.0 and later,"No direct requirement; if unused, disable (ALG SRG-NET-000131-ALG-000085)",—
Server load balancing,Session cookies for persistent and insert cookie persistence,7.4.0 and later,"No direct requirement; if unused, disable (ALG SRG-NET-000131-ALG-000085)",—
Server load balancing,IP pool persistence for Layer 4 source IP persistence,7.4.0 and later,"No direct requirement; if unused, disable (ALG SRG-NET-000131-ALG-000085)",—
Server load balancing,Source address and port persistence for Layer 4 and Layer 2,7.4.0 and later,"No direct requirement; if unused, disable (ALG SRG-NET-000131-ALG-000085)",—
Scripting,HTTP Lua functions for unique session and transaction IDs,7.4.0 and later,"No direct requirement; if unused, disable (ALG SRG-NET-000131-ALG-000085)",—
Web application firewall,API discovery and fingerprint-based bot detection,7.4.0 and later,ALG SRG-NET-000401-ALG-000127; ALG SRG-NET-000390-ALG-000139; ALG SRG-NET-000362-ALG-000112,config security waf profile; edit <WAF_PROFILE>; set api-discovery <API_DISCOVERY>; set fingerprint-based-detection <FINGERPRINT_POLICY>; next; end
Network security,Firewall connection tracking session timeouts,7.4.0 and later,ALG SRG-NET-000213-ALG-000107,config firewall global; edit 1; set tcp-established-timeout <SECONDS>; set udp-timeout <SECONDS>; next; end
Network security,Antivirus engine update,7.4.0 and later,ALG SRG-NET-000246-ALG-000132,—
Network security,CVE references in IPS signatures,7.4.0 and later,"No direct requirement; if unused, disable (ALG SRG-NET-000131-ALG-000085)",—
Management access,Terraform FortiADC provider,7.4.0 and later,"No direct requirement; if unused, disable (ALG SRG-NET-000131-ALG-000085)",—
Platform,FortiFlex licensing for FortiADC-VM,7.4.0 and later,"No direct requirement; if unused, disable (ALG SRG-NET-000131-ALG-000085)",—
High availability,Unicast HA (VRRP) on Hyper-V,7.4.0 and later,"No direct requirement; if unused, disable (ALG SRG-NET-000131-ALG-000085)",—
High availability,Active-active-VRRP unicast HA in Alibaba Cloud,7.4.0 and later,"No direct requirement; if unused, disable (ALG SRG-NET-000131-ALG-000085)",—
Logging and alerts,Automation trigger for failed administrator logins and blocked IP addresses,7.4.0 and later,NDM SRG-APP-000360-NDM-000295,GUI: Security Fabric > Automation
Logging and alerts,Certificate validation for webhook automation actions,7.4.0 and later,ALG SRG-NET-000164-ALG-000100,GUI: Security Fabric > Automation
Global load balancing,Public SDN connector as a GSLB server,7.4.1 and later,"No direct requirement; if unused, disable (ALG SRG-NET-000131-ALG-000085)",—
Global load balancing,User-defined certificate for GSLB,7.4.1 and later,ALG SRG-NET-000164-ALG-000100; ALG SRG-NET-000166-ALG-000101,config global-load-balance servers; edit <SERVER>; set user-defined-certificate enable; set cert <LOCAL_CERT>; next; end
Server load balancing,Predefined client SSL profiles updated with OpenSSL 3.1.1 (LB_CLIENT_SSL_PROF_MODERN),7.4.1 and later,ALG SRG-NET-000062-ALG-000150; ALG SRG-NET-000510-ALG-000111,config load-balance virtual-server; edit <VS>; set client-ssl-profile LB_CLIENT_SSL_PROF_MODERN; next; end
Server load balancing,Packet forwarding method and IP pools for Layer 4 content routing,7.4.1 and later,"No direct requirement; if unused, disable (ALG SRG-NET-000131-ALG-000085)",—
Server load balancing,Multiple processes for HTTP/3 virtual servers,7.4.1 and later,"No direct requirement; if unused, disable (ALG SRG-NET-000131-ALG-000085)",—
Scripting,TCP Lua timer and close functions,7.4.1 and later,"No direct requirement; if unused, disable (ALG SRG-NET-000131-ALG-000085)",—
Web application firewall,FortiGuard Advanced Bot Protection (cloud service),7.4.1 and later,"No direct requirement; if unused, disable (ALG SRG-NET-000131-ALG-000085)",config system global; set advanced-bot-status disable; end
Logging and alerts,Automation stitches and log-based automation triggers,7.4.1 and later,NDM SRG-APP-000360-NDM-000295; ALG SRG-NET-000392-ALG-000141; ALG SRG-NET-000088-ALG-000054,GUI: Security Fabric > Automation
System,Global Resources page,7.4.1 and later,"No direct requirement; if unused, disable (ALG SRG-NET-000131-ALG-000085)",—
Network,BFD for BGP,7.4.1 and later,"No direct requirement; if unused, disable (ALG SRG-NET-000131-ALG-000085)",—
Network,DNS override per VDOM,7.4.1 and later,"No direct requirement; if unused, disable (ALG SRG-NET-000131-ALG-000085)",—
Network,IPv6 reverse route cache,7.4.1 and later,"No direct requirement; if unused, disable (ALG SRG-NET-000131-ALG-000085)",—
High availability,HA firmware upgrade from an FTP server,7.4.1 and later,"No direct requirement; if unused, disable (ALG SRG-NET-000131-ALG-000085)",—
System,Firmware maturity levels (Feature and Mature tags),7.4.1 and later,NDM SRG-APP-001035-NDM-000340,— (prefer Mature releases that are vendor-supported)
Platform,AWS IMDSv2,7.4.1 and later,"No direct requirement; if unused, disable (ALG SRG-NET-000131-ALG-000085)",—
Platform,Certificate validation of public SDN connectors,7.4.1 and later,"No direct requirement; if unused, disable (ALG SRG-NET-000131-ALG-000085)",—
Troubleshooting,Debug filters for fnginx modules,7.4.1 and later,"No direct requirement; if unused, disable (ALG SRG-NET-000131-ALG-000085)",—
Troubleshooting,Debug module for the named daemon,7.4.1 and later,"No direct requirement; if unused, disable (ALG SRG-NET-000131-ALG-000085)",—
Platform,"License bundles (Network Security, Application Security, AI Security)",7.4.2 and later,"No direct requirement; if unused, disable (ALG SRG-NET-000131-ALG-000085)",—
Web application firewall,AI Threat Analytics (cloud service),7.4.2 and later,"No direct requirement; if unused, disable (ALG SRG-NET-000131-ALG-000085)",config system global; set threat-analytics disable; end
Web application firewall,Data loss prevention with FortiGuard DLP signatures,7.4.2 and later,ALG SRG-NET-000391-ALG-000140,config security waf profile; edit <WAF_PROFILE>; set data-leak-prevention <DLP_POLICY>; next; end
Network security,DNS DDoS protection (DNS query rate limit),7.4.2 and later,ALG SRG-NET-000362-ALG-000112; ALG SRG-NET-000705-ALG-000110,config security dos dns-query-flood-protection; edit <DNS_FLOOD>; set status enable; set dns-query-rate-limit <RATE>; set action deny; set log enable; next; end
SSL inspection,SSL forward proxy certificates re-signed to match the SNI,7.4.2 and later,"No direct requirement; if unused, disable (ALG SRG-NET-000131-ALG-000085)",—
GUI,Feature tour,7.4.2 and later,"No direct requirement; if unused, disable (ALG SRG-NET-000131-ALG-000085)",—
System,FortiGuard DLP signature downloads,7.4.2 and later,ALG SRG-NET-000019-ALG-000019,GUI: System > FortiGuard
Logging and alerts,FQDN address type for remote syslog servers,7.4.2 and later,"No direct requirement; if unused, disable (ALG SRG-NET-000131-ALG-000085)",—
Server load balancing,LDAPS health check,7.4.2 and later,"No direct requirement; if unused, disable (ALG SRG-NET-000131-ALG-000085)",—
Management access,Trusted IP addresses for the management interface,7.4.2 and later,NDM SRG-APP-000408-NDM-000314; NDM SRG-APP-000038-NDM-000213,config system interface; edit <MGMT_PORT>; set trust-ip enable; config trust-ip-list; edit 1; set type ip-netmask; set ip-network <MGMT_SUBNET>; next; end; next; end
Scripting,Shared Lua table,7.4.2 and later,"No direct requirement; if unused, disable (ALG SRG-NET-000131-ALG-000085)",—
Platform,FortiADC 320F and 420F,7.4.3 and later,"No direct requirement; if unused, disable (ALG SRG-NET-000131-ALG-000085)",—
Scripting,LB:set_real_server command,7.4.3 and later,"No direct requirement; if unused, disable (ALG SRG-NET-000131-ALG-000085)",—
Scripting,SSL:disable command,7.4.3 and later,"No direct requirement; if unused, disable (ALG SRG-NET-000131-ALG-000085)",—
Scripting,TCP:sockopt type option,7.4.3 and later,"No direct requirement; if unused, disable (ALG SRG-NET-000131-ALG-000085)",—
Troubleshooting,curl in the CLI (execute curl),7.4.3 and later,"No direct requirement; if unused, disable (ALG SRG-NET-000131-ALG-000085)",—
Logging and alerts,64-bit SNMP ifXTable counters,7.4.3 and later,"No direct requirement; if unused, disable (ALG SRG-NET-000131-ALG-000085)",—
Server load balancing,Client IP address in a TCP option for Layer 4 TCP virtual servers,7.4.4 and later,"No direct requirement; if unused, disable (ALG SRG-NET-000131-ALG-000085)",—
Global load balancing,Increased GSLB capacity,7.4.5 and later,"No direct requirement; if unused, disable (ALG SRG-NET-000131-ALG-000085)",—
SSL inspection,SSL forward proxy re-signing key type and size,7.4.5 and later,ALG SRG-NET-000062-ALG-000150; ALG SRG-NET-000062-ALG-000092,config load-balance client-ssl-profile; edit <CLIENT_SSL_PROFILE>; set forward-proxy-resign-cert-type rsa; set forward-proxy-resign-cert-rsa-key-size 2048bit; next; end
Web application firewall,WAF adaptive learning,7.6.0 and later,"No direct requirement; if unused, disable (ALG SRG-NET-000131-ALG-000085)",—
Web application firewall,Bot detection enhancement,7.6.0 and later,ALG SRG-NET-000362-ALG-000112; ALG SRG-NET-000390-ALG-000139,config security waf profile; edit <WAF_PROFILE>; set bot-detection <BOT_DETECTION>; next; end
Security Fabric,FortiGate Security Fabric connector,7.6.0 and later,"No direct requirement; if unused, disable (ALG SRG-NET-000131-ALG-000085)",config system csf; set status disable; end
Web application firewall,OWASP Top 10 compliance dashboard (FortiView),7.6.0 and later,"No direct requirement; if unused, disable (ALG SRG-NET-000131-ALG-000085)",config system global; set owasp-compliance disable; end
Administrator accounts,Administrator lockout controls in the CLI,7.6.0 and later,NDM SRG-APP-000065-NDM-000214,config system global; set admin-lockout-threshold 3; set admin-lockout-duration 900; end
Administrator accounts,Direct VDOM access for administrators through the root VDOM interface,7.6.0 and later,"No direct requirement; if unused, disable (ALG SRG-NET-000131-ALG-000085)",config system global; set admin-bypass-vdom-check disable; end
High availability,HA clusters of up to eight nodes,7.6.0 and later,"No direct requirement; if unused, disable (ALG SRG-NET-000131-ALG-000085)",—
High availability,HA management interface network options,7.6.0 and later,NDM SRG-APP-000408-NDM-000314; NDM SRG-APP-000880-NDM-000290,config system ha; set mgmt-status enable; set mgmt-interface <MGMT_PORT>; set mgmt-ip <MGMT_IP>; set mgmt-ip-allowaccess https ssh; end
High availability,Virtual MAC address in active-passive HA,7.6.0 and later,"No direct requirement; if unused, disable (ALG SRG-NET-000131-ALG-000085)",—
High availability,CLI commands to force HA nodes into standby,7.6.0 and later,"No direct requirement; if unused, disable (ALG SRG-NET-000131-ALG-000085)",—
Certificates,ACME TLS-ALPN-01 enhancements,7.6.0 and later,"No direct requirement; if unused, disable (ALG SRG-NET-000131-ALG-000085)",—
Scripting,Waiting room (virtual queuing) through HTTP scripting,7.6.0 and later,"No direct requirement; if unused, disable (ALG SRG-NET-000131-ALG-000085)",—
Platform,AWS autoscaling group discovery,7.6.0 and later,"No direct requirement; if unused, disable (ALG SRG-NET-000131-ALG-000085)",—
Server load balancing,"Health check down actions (drop, none, reject)",7.6.0 and later,ALG SRG-NET-000365-ALG-000123,config load-balance pool; edit <POOL>; set health-check-down-action reject; next; end
Server load balancing,HTTP/3 in HTTP-to-HTTPS redirection,7.6.0 and later,"No direct requirement; if unused, disable (ALG SRG-NET-000131-ALG-000085)",—
Link load balancing,SLB local traffic in link load balancing,7.6.0 and later,"No direct requirement; if unused, disable (ALG SRG-NET-000131-ALG-000085)",—
Global load balancing,Multiple global DNS policies in FQDN zones,7.6.0 and later,"No direct requirement; if unused, disable (ALG SRG-NET-000131-ALG-000085)",—
Global load balancing,Zone-level DNS forwarding with no matching host name,7.6.0 and later,"No direct requirement; if unused, disable (ALG SRG-NET-000131-ALG-000085)",—
Troubleshooting,DNS forwarding log debug,7.6.0 and later,"No direct requirement; if unused, disable (ALG SRG-NET-000131-ALG-000085)",—
Platform,FortiFlex with cloud-init in Proxmox (KVM),7.6.0 and later,"No direct requirement; if unused, disable (ALG SRG-NET-000131-ALG-000085)",—
Troubleshooting,Health check debug log,7.6.0 and later,"No direct requirement; if unused, disable (ALG SRG-NET-000131-ALG-000085)",—
Web application firewall,Enhanced file type detection,7.6.1 and later,ALG SRG-NET-000019-ALG-000018; ALG SRG-NET-000289-ALG-000110,—
Web application firewall,Original client IP for attack source identification (X-Forwarded-For),7.6.1 and later,ALG SRG-NET-000077-ALG-000046,config security waf profile; edit <WAF_PROFILE>; set use-original-ip enable; next; end (only behind a trusted proxy)
Network,OSPF version 3 (OSPFv3),7.6.1 and later,"No direct requirement; if unused, disable (ALG SRG-NET-000131-ALG-000085)",—
Server load balancing,Server-side HTTP/2 connections,7.6.1 and later,"No direct requirement; if unused, disable (ALG SRG-NET-000131-ALG-000085)",—
Server load balancing,Client address option for HTTP/3 virtual servers,7.6.1 and later,"No direct requirement; if unused, disable (ALG SRG-NET-000131-ALG-000085)",—
Scripting,Scripting groups for predefined HTTP scripts,7.6.1 and later,"No direct requirement; if unused, disable (ALG SRG-NET-000131-ALG-000085)",—
Scripting,HTTP script for error handling,7.6.1 and later,"No direct requirement; if unused, disable (ALG SRG-NET-000131-ALG-000085)",—
System,Threat telemetry to FortiGuard (IPS and antivirus statistics),7.6.1 and later,"No direct requirement; if unused, disable (ALG SRG-NET-000131-ALG-000085)",config system global; set fds-statistics disable; end
Time and SNMP,NTP authentication,7.6.1 and later,NDM SRG-APP-000395-NDM-000347; NDM SRG-APP-000920-NDM-000320,config system time ntp; set ntpsync enable; config ntp-server; edit 1; set server <NTP_SERVER>; set authentication enable; set key-type sha256; set key <NTP_KEY>; set key-id <KEY_ID>; next; end; end
Platform,Azure autoscaling for FortiADC VMSS,7.6.1 and later,"No direct requirement; if unused, disable (ALG SRG-NET-000131-ALG-000085)",—
Time and SNMP,Enhanced SNMP authentication and encryption,7.6.1 and later,NDM SRG-APP-000395-NDM-000310; NDM SRG-APP-000412-NDM-000331,config system snmp user; edit <SNMP_USER>; set security-level authpriv; set auth-proto sha512; set priv-proto aes256; next; end
User authentication,Extended maximum authentication timeout,7.6.1 and later,ALG SRG-NET-000213-ALG-000107; ALG SRG-NET-000337-ALG-000096,config user user-group; edit <USER_GROUP>; set auth-session-timeout 15; next; end (the period your organization defines)
Logging and alerts,Syslog encryption settings,7.6.1 and later,NDM SRG-APP-000515-NDM-000325; ALG SRG-NET-000334-ALG-000050; NDM SRG-APP-000412-NDM-000331,config log setting remote; edit <SYSLOG_ID>; set proto tcpssl; set enc-algorithm high; next; end
Logging and alerts,Syslog servers with IPv6 FQDNs,7.6.1 and later,"No direct requirement; if unused, disable (ALG SRG-NET-000131-ALG-000085)",—
GUI,Firmware upgrade progress tracking,7.6.1 and later,"No direct requirement; if unused, disable (ALG SRG-NET-000131-ALG-000085)",—
Platform,"Instance types for AWS, Azure, and GCP",7.6.1 and later,"No direct requirement; if unused, disable (ALG SRG-NET-000131-ALG-000085)",—
High availability,Status reporting in active-passive HA,7.6.2 and later,"No direct requirement; if unused, disable (ALG SRG-NET-000131-ALG-000085)",—
Network,Link Layer Discovery Protocol (LLDP),7.6.2 and later,"No direct requirement; if unused, disable (ALG SRG-NET-000131-ALG-000085)",config system global; set lldp-reception disable; set lldp-transmission disable; end
Platform,Data partition expansion,7.6.2 and later,"No direct requirement; if unused, disable (ALG SRG-NET-000131-ALG-000085)",—
Platform,FortiFlex token in cloud-init user data for public cloud BYOL,7.6.2 and later,"No direct requirement; if unused, disable (ALG SRG-NET-000131-ALG-000085)",—
High availability,IPv6 on the HA management interface,7.6.3 and later,"No direct requirement; if unused, disable (ALG SRG-NET-000131-ALG-000085)",—
Network,IPv6 router advertisements,7.6.3 and later,"No direct requirement; if unused, disable (ALG SRG-NET-000131-ALG-000085)",—
Network,IPsec authentication and encryption for OSPFv3,7.6.3 and later,"No direct requirement; if unused, disable (ALG SRG-NET-000131-ALG-000085)",—
Server load balancing,ESP packets in Layer 4 virtual servers (IPsec VPN without NAT-T),7.6.3 and later,"No direct requirement; if unused, disable (ALG SRG-NET-000131-ALG-000085)",—
Platform,FortiADC-VMUL license and more VDOMs on virtual appliances,7.6.3 and later,"No direct requirement; if unused, disable (ALG SRG-NET-000131-ALG-000085)",—
Administrator accounts,Access profile from RADIUS or TACACS+ (access profile override),7.6.4 and later,NDM SRG-APP-000153-NDM-000249; NDM SRG-APP-000033-NDM-000212,config system admin; edit <ADMIN>; set accprofile-override enable; next; end (only when the server returns the access profile)
Logging and alerts,Log export to Apache Kafka,7.6.4 and later,"No direct requirement; if unused, disable (ALG SRG-NET-000131-ALG-000085)",—
Certificates,Local certificate groups of up to 1024 members,7.6.4+; 8.0.1+,"No direct requirement; if unused, disable (ALG SRG-NET-000131-ALG-000085)",—
Platform,OpenSSL 3.1.8,7.6.4 and later,"No direct requirement; if unused, disable (ALG SRG-NET-000131-ALG-000085)",—
Platform,OCI Dedicated Region Cloud@Customer (DRCC),7.6.4+; 8.0.1+,"No direct requirement; if unused, disable (ALG SRG-NET-000131-ALG-000085)",—
Troubleshooting,CLI commands for virtual server and pool statistics,7.6.4 and later,"No direct requirement; if unused, disable (ALG SRG-NET-000131-ALG-000085)",—
Administrator accounts,VDOM from RADIUS or TACACS+ (VDOM override),7.6.5 and later,NDM SRG-APP-000153-NDM-000249; NDM SRG-APP-000033-NDM-000212,config system admin; edit <ADMIN>; set vdom-override enable; next; end (only when the server returns the VDOM)
User authentication,Match conditions for user group members,7.6.5 and later,ALG SRG-NET-000138-ALG-000089,—
User authentication,Strip the domain prefix from user names,7.6.6 and later,"No direct requirement; if unused, disable (ALG SRG-NET-000131-ALG-000085)",—
Certificates,ACME External Account Binding (EAB),7.6.7 and later,"No direct requirement; if unused, disable (ALG SRG-NET-000131-ALG-000085)",—
Scripting,Stream scripting with session persistence,7.6.7 and later,"No direct requirement; if unused, disable (ALG SRG-NET-000131-ALG-000085)",—
Global load balancing,GLB object limits of 4096 on all platforms,7.6.7 and later,"No direct requirement; if unused, disable (ALG SRG-NET-000131-ALG-000085)",—
Platform,OpenSSL 3.3.7,7.6.7 and later,"No direct requirement; if unused, disable (ALG SRG-NET-000131-ALG-000085)",—
Application Access Manager,Application Access Manager menu (authentication modules),8.0.0 and later,"No direct requirement; if unused, disable (ALG SRG-NET-000131-ALG-000085)",—
Application Access Manager,Unified access policy for application access control,8.0.0 and later,ALG SRG-NET-000015-ALG-000016; VPN SRG-NET-000015-VPN-000010; VPN SRG-NET-000019-VPN-000040,config load-balance auth-policy; edit <AUTH_POLICY>; set app-access enable; set user-group <USER_GROUP>; set app-portal <APP_PORTAL>; next; end
Application Access Manager,"Agentless Application Gateway (AAG: web portal for RDP, VDI, SSH, and web applications for remote users)",8.0.0 and later,VPN SRG-NET-000062-VPN-000200; VPN SRG-NET-000138-VPN-000490; VPN SRG-NET-000166-VPN-000580; VPN SRG-NET-000213-VPN-000721; VPN SRG-NET-000213-VPN-000720,config user app-portal; edit <APP_PORTAL>; set app-group <APP_GROUP>; set user-lifetime <SECONDS>; next; end; config load-balance virtual-server; edit <VS>; set auth-policy <AUTH_POLICY>; set client-ssl-profile <CLIENT_SSL_PROFILE>; next; end
Web application firewall,WAF adaptive learning 2.0,8.0.0 and later,"No direct requirement; if unused, disable (ALG SRG-NET-000131-ALG-000085)",—
GUI,Feature visibility (hide unused features in the web UI),8.0.0 and later,"No direct requirement; if unused, disable (ALG SRG-NET-000131-ALG-000085)",—
System,WAF signature statistics to FortiGuard,8.0.0 and later,"No direct requirement; if unused, disable (ALG SRG-NET-000131-ALG-000085)",config system global; set fds-statistics disable; end
Server load balancing,Proxy protocol for Layer 4 TCP,8.0.0 and later,"No direct requirement; if unused, disable (ALG SRG-NET-000131-ALG-000085)",—
Troubleshooting,Clear session and persistence tables for HTTP and HTTPS virtual servers,8.0.0 and later,"No direct requirement; if unused, disable (ALG SRG-NET-000131-ALG-000085)",—
Server load balancing,Up to 64 processes per virtual server,8.0.0 and later,"No direct requirement; if unused, disable (ALG SRG-NET-000131-ALG-000085)",—
Scripting,Persistence functions in HTTP data events,8.0.0 and later,"No direct requirement; if unused, disable (ALG SRG-NET-000131-ALG-000085)",—
Server load balancing,RFC 7919 compliance with TLS 1.3 in SSL profiles,8.0.0 and later,ALG SRG-NET-000062-ALG-000150,config load-balance client-ssl-profile; edit <CLIENT_SSL_PROFILE>; set ssl-allowed-versions tlsv1.2 tlsv1.3; set rfc7919-comply enable; next; end
Network security,Source IP exceptions for network DoS protections,8.0.0 and later,"No direct requirement; if unused, disable (ALG SRG-NET-000131-ALG-000085)",— (keep exceptions to trusted addresses)
GUI,Updated navigation menu,8.0.0 and later,"No direct requirement; if unused, disable (ALG SRG-NET-000131-ALG-000085)",—
System,TPM and encrypted data store (private data encryption),8.0.0 and later,NDM SRG-APP-000171-NDM-000258; ALG SRG-NET-000755-ALG-000150,config system global; set private-data-encryption enable; end
High availability,Azure HA with FortiFlex for up to eight nodes,8.0.0 and later,"No direct requirement; if unused, disable (ALG SRG-NET-000131-ALG-000085)",—
Troubleshooting,Hard disk and log disk diagnostics,8.0.0 and later,"No direct requirement; if unused, disable (ALG SRG-NET-000131-ALG-000085)",—
Application Access Manager,"AAG 8.0.1 features (internal web applications, MFA at portal login, language detection, bookmark icons)",8.0.1 and later,VPN SRG-NET-000140-VPN-000500; ALG SRG-NET-000140-ALG-000094; ALG SRG-NET-000339-ALG-000090,GUI: Application Access Manager > Agentless Application Gateway
Security Fabric,Cisco ACI external connector,8.0.1 and later,"No direct requirement; if unused, disable (ALG SRG-NET-000131-ALG-000085)",—
Administrator accounts,Administrator SSO through the FortiGate Security Fabric (FortiGate as SAML IdP),8.0.1 and later,NDM SRG-APP-000516-NDM-000336; NDM SRG-APP-000153-NDM-000249,config system sso-admin; edit <SSO_ADMIN>; set access-profile <PROFILE>; set is-system-admin no; next; end
Web application firewall,WAF signature staging,8.0.1 and later,ALG SRG-NET-000019-ALG-000019; ALG SRG-NET-000019-ALG-000018,config system global; set waf-staging-signature enable; end; GUI: System > FortiGuard > WAF Signature Staging (review staged signatures promptly)
Administrator accounts,Disable the default admin account,8.0.1 and later,NDM SRG-APP-000148-NDM-000346,config system global; set default-admin disable; end (after other administrator accounts exist)
Server load balancing,Socket selection hash control,8.0.1 and later,"No direct requirement; if unused, disable (ALG SRG-NET-000131-ALG-000085)",—
Server load balancing,"Advanced mutual TLS (client authentication frequency, CA advertisement, and client certificate constrained delegation)",8.0.1 and later,ALG SRG-NET-000140-ALG-000094; ALG SRG-NET-000166-ALG-000101; ALG SRG-NET-000164-ALG-000100,config system certificate certificate_verify; edit <VERIFY>; set client-authentication enable; set client-auth-frequency always; next; end
Server load balancing,Transparent proxy and TCP optimization for Layer 7 TCP virtual servers,8.0.1 and later,"No direct requirement; if unused, disable (ALG SRG-NET-000131-ALG-000085)",—
Server load balancing,Content rewriting for HTTP/3 and back-end HTTP/2,8.0.1 and later,"No direct requirement; if unused, disable (ALG SRG-NET-000131-ALG-000085)",—
Global load balancing,Secondary zones with AXFR and TSIG authentication,8.0.1 and later,"No direct requirement; if unused, disable (ALG SRG-NET-000131-ALG-000085)",—
Global load balancing,User-defined certificates and CA verification for GSLB,8.0.1 and later,ALG SRG-NET-000164-ALG-000100; ALG SRG-NET-000062-ALG-000150; ALG SRG-NET-000510-ALG-000111,config global-load-balance servers; edit <SERVER>; set user-defined-certificate enable; set cert <LOCAL_CERT>; set ca-verify enable; set ca-group <CA_GROUP>; next; end
Network security,CLI commands for the TCP DoS block list,8.0.1 and later,"No direct requirement; if unused, disable (ALG SRG-NET-000131-ALG-000085)",—
Logging and alerts,Traffic log page redesign,8.0.1 and later,"No direct requirement; if unused, disable (ALG SRG-NET-000131-ALG-000085)",—
Platform,OpenSSL 3.3,8.0.1 and later,"No direct requirement; if unused, disable (ALG SRG-NET-000131-ALG-000085)",—
System,FortiAI Assistant,8.0.2 and later,"No direct requirement; if unused, disable (ALG SRG-NET-000131-ALG-000085)",config system global; set fortiai-user disable; end
Server load balancing,More content routing and health check objects,8.0.2 and later,"No direct requirement; if unused, disable (ALG SRG-NET-000131-ALG-000085)",—
Network,VXLAN for the Kubernetes Calico CNI,8.0.2 and later,"No direct requirement; if unused, disable (ALG SRG-NET-000131-ALG-000085)",—
System,FortiAI log analysis,8.0.3 and later,"No direct requirement; if unused, disable (ALG SRG-NET-000131-ALG-000085)",—
Application Access Manager,"AAG 8.0.3 features (SLB virtual server integration, shareable bookmarks, user group matching, URL redirection)",8.0.3 and later,VPN SRG-NET-000015-VPN-000010; ALG SRG-NET-000018-ALG-000017,GUI: Application Access Manager > Agentless Application Gateway
Web application firewall,Web attack signatures for HTTP/3 and HTTP/2 virtual servers,8.0.3 and later,ALG SRG-NET-000318-ALG-000152; ALG SRG-NET-000318-ALG-000014; ALG SRG-NET-000318-ALG-000151,—
Management access,Input security check for the REST API,8.0.3 and later,"No direct requirement; if unused, disable (ALG SRG-NET-000131-ALG-000085)",—
Network security,External ICAP servers for file inspection,8.0.3 and later,ALG SRG-NET-000248-ALG-000133; ALG SRG-NET-000765-ALG-000170,config security antivirus profile; edit <AV_PROFILE>; set icap-server-check enable; next; end; config system icapserver; set status enable; set server <ICAP_SERVER>; set ssl enable; end
Network security,FortiSandbox Cloud connection,8.0.3 and later,"No direct requirement; if unused, disable (ALG SRG-NET-000131-ALG-000085)",config system fortisandbox; set status disable; end (unless the cloud service is authorized)
Server load balancing,TLS 1.3 hardening and post-quantum cryptography,8.0.3 and later,ALG SRG-NET-000062-ALG-000150; ALG SRG-NET-000510-ALG-000111; ALG SRG-NET-000062-ALG-000092,config load-balance client-ssl-profile; edit <CLIENT_SSL_PROFILE>; set supported-groups-sigalg-security-level high; next; end
Server load balancing,FQDN real server DNS cache and refresh,8.0.3 and later,"No direct requirement; if unused, disable (ALG SRG-NET-000131-ALG-000085)",—
Scripting,Load balance pools in stream scripts,8.0.3 and later,"No direct requirement; if unused, disable (ALG SRG-NET-000131-ALG-000085)",—
Logging and alerts,Security log page redesign,8.0.3 and later,"No direct requirement; if unused, disable (ALG SRG-NET-000131-ALG-000085)",—
Logging and alerts,Script log page redesign,8.0.3 and later,"No direct requirement; if unused, disable (ALG SRG-NET-000131-ALG-000085)",—
GUI,User interface reorganization,8.0.3 and later,"No direct requirement; if unused, disable (ALG SRG-NET-000131-ALG-000085)",—
Platform,OpenSSL 3.5,8.0.3 and later,"No direct requirement; if unused, disable (ALG SRG-NET-000131-ALG-000085)",—
System,FortiAI virtual server analytics,8.0.4 and later,"No direct requirement; if unused, disable (ALG SRG-NET-000131-ALG-000085)",—
GUI,Floating FortiAI window,8.0.4 and later,"No direct requirement; if unused, disable (ALG SRG-NET-000131-ALG-000085)",—
Application Access Manager,"AAG 8.0.4 features (portal mapping from LDAP and SAML attributes, access tags, branding, auto-launch)",8.0.4 and later,VPN SRG-NET-000015-VPN-000010; ALG SRG-NET-000015-ALG-000016,GUI: Application Access Manager > Agentless Application Gateway
Web application firewall,WAF profiles in content routing rules,8.0.4 and later,ALG SRG-NET-000018-ALG-000017; ALG SRG-NET-000019-ALG-000018,— (not in the 8.0.3 CLI Reference)
GUI,In-place editing of virtual server and WAF profile objects,8.0.4 and later,"No direct requirement; if unused, disable (ALG SRG-NET-000131-ALG-000085)",—
System,Automatic patch firmware upgrades from FortiGuard,8.0.4 and later,NDM SRG-APP-000457-NDM-000352; NDM SRG-APP-000378-NDM-000302,— (not in the 8.0.3 CLI Reference; use only under change control)
System,Critical vulnerability upgrade prompt at login,8.0.4 and later,NDM SRG-APP-001035-NDM-000340,—
Management access,Configurable TLS parameters for the web UI and REST API,8.0.4 and later,NDM SRG-APP-000412-NDM-000331; NDM SRG-APP-000411-NDM-000330; NDM SRG-APP-000179-NDM-000265,"— (not in the 8.0.3 CLI Reference; on 8.0.4, allow only TLS 1.2 and 1.3 and approved ciphers)"
System,Configuration file encryption,8.0.4 and later,NDM SRG-APP-000231-NDM-000271; ALG SRG-NET-000755-ALG-000150,— (not in the 8.0.3 CLI Reference)
System,Periodic checksum verification of configuration files,8.0.4 and later,NDM SRG-APP-000380-NDM-000304; NDM SRG-APP-000516-NDM-000335,—
Server load balancing,Dynamic real server weights from health check scripts,8.0.4 and later,"No direct requirement; if unused, disable (ALG SRG-NET-000131-ALG-000085)",—
Server load balancing,Real server certificate host name verification,8.0.4 and later,ALG SRG-NET-000164-ALG-000100; ALG SRG-NET-000062-ALG-000150,— (not in the 8.0.3 CLI Reference)
Scripting,LB:get_real_server_weight command,8.0.4 and later,"No direct requirement; if unused, disable (ALG SRG-NET-000131-ALG-000085)",—
Scripting,TCP and UDP payload manipulation in stream scripts,8.0.4 and later,"No direct requirement; if unused, disable (ALG SRG-NET-000131-ALG-000085)",—
Server load balancing,Up to 32 ports or port ranges on a Layer 7 virtual server,8.0.4 and later,"No direct requirement; if unused, disable (ALG SRG-NET-000131-ALG-000085)",—
Global load balancing,Response policy zones (RPZ),8.0.4 and later,"No direct requirement; if unused, disable (ALG SRG-NET-000131-ALG-000085)",—
Global load balancing,GLB service overview and onboarding page,8.0.4 and later,"No direct requirement; if unused, disable (ALG SRG-NET-000131-ALG-000085)",—
Network security,IPS engine upgrade,8.0.4 and later,ALG SRG-NET-000383-ALG-000135,—
Logging and alerts,Event log page redesign,8.0.4 and later,"No direct requirement; if unused, disable (ALG SRG-NET-000131-ALG-000085)",—
Logging and alerts,GLB DNS traffic log enhancements,8.0.4 and later,"No direct requirement; if unused, disable (ALG SRG-NET-000131-ALG-000085)",—
Logging and alerts,Full log disk encryption,8.0.4 and later,ALG SRG-NET-000098-ALG-000056; NDM SRG-APP-000119-NDM-000236,— (not in the 8.0.3 CLI Reference)
Platform,FortiADC G-Series hardware,8.0.4 and later,"No direct requirement; if unused, disable (ALG SRG-NET-000131-ALG-000085)",—
