Category,Feature,Introduced (FortiAuthenticator),SRG requirement(s),Command to satisfy the requirement
Core: Management access,"Administrative access on each network interface (SSH, SNMP, Web Interface, RESTful API, and Security Fabric)",6.6.0 or earlier,NDM SRG-APP-000142-NDM-000245; NDM SRG-APP-000408-NDM-000314; NDM SRG-APP-000880-NDM-000290; AAA SRG-APP-000516-AAA-000630,"GUI: System > Network > Interfaces (Access Rights, Admin access: Web Interface and SSH only on the interface connected to the management network; SNMP, RESTful API, and Security Fabric only where they are used)"
Core: Management access,"Services that each interface answers (HTTPS, HTTP, RADIUS, RADSEC, TACACS+, LDAP, LDAPS, FSSO, OCSP, Syslog, SAML IdP, and the web service paths under HTTPS and HTTP)",6.6.0 or earlier,AAA SRG-APP-000142-AAA-000680; AAA SRG-APP-000141-AAA-000670; AAA SRG-APP-000142-AAA-000020; NDM SRG-APP-000142-NDM-000245,"GUI: System > Network > Interfaces (Access Rights, Services: only the services in use, on the interfaces that serve them; LDAP and HTTP off unless a documented need exists)"
Core: Management access,Initial interface address and administrative access from the CLI (port1 by default),6.6.0 or earlier,NDM SRG-APP-000142-NDM-000245; NDM SRG-APP-000408-NDM-000314,config system interface; edit port1; set ip <IP_ADDRESS>/<NETMASK>; set allowaccess https-gui https-api ssh; next; end
Core: Management access,Require strong cryptography for administrative access (TLS 1.2 and TLS 1.3 cipher suites only),6.6.0 or earlier,NDM SRG-APP-000412-NDM-000331; NDM SRG-APP-000411-NDM-000330; NDM SRG-APP-000179-NDM-000265; NDM SRG-APP-000172-NDM-000259; AAA SRG-APP-000172-AAA-000520,GUI: System > Administration > System Access (Require strong cryptography: enabled)
Core: Management access,HTTPS certificate for the GUI and HTTP Strict Transport Security (HSTS),6.6.0 or earlier,NDM SRG-APP-000516-NDM-000344; NDM SRG-APP-000412-NDM-000331,GUI: System > Administration > System Access (HTTPS Certificate: a DoD-issued server certificate; HSTS enabled)
Core: Management access,Pre-authentication warning message (logon banner),6.6.0 or earlier,NDM SRG-APP-000068-NDM-000215; NDM SRG-APP-000069-NDM-000216,GUI: System > Administration > System Access (Warning message before authentication: enabled); GUI: System > Administration > Replacement Messages (the Standard Mandatory DoD Notice and Consent Banner in the pre-authentication messages under Authentication)
Core: Management access,"IP lockout for administrator logins (failed attempts counted by source IP address, with a lockout period)",6.6.0 or earlier,NDM SRG-APP-000065-NDM-000214; NDM SRG-APP-000435-NDM-000315,GUI: System > Administration > System Access (IP lockout maximum failed login attempts 3; Login IP lockout period 900 seconds or longer)
Core: Management access,CLI idle timeout and GUI idle timeout,6.6.0 or earlier,NDM SRG-APP-000190-NDM-000267; NDM SRG-APP-000220-NDM-000268,GUI: System > Administration > System Access (CLI idle timeout and GUI idle timeout: 5 minutes; never 0 for the CLI)
Core: Management access,Host and domain names that the GUI answers to,6.6.0 or earlier,NDM SRG-APP-000038-NDM-000213,GUI: System > Administration > System Access (Allow all hosts/domain names: disabled; Additional allowed hosts/domain names only as needed)
Core: Management access,Trusted management subnets for each administrator,6.6.0 or earlier,NDM SRG-APP-000408-NDM-000314; NDM SRG-APP-000038-NDM-000213; NDM SRG-APP-000880-NDM-000290,"GUI: Authentication > User Management > Local Users (Restrict admin login from trusted management subnets only, with the management subnets)"
Core: Management access,Administrator logout,6.6.0 or earlier,NDM SRG-APP-000296-NDM-000280; NDM SRG-APP-000220-NDM-000268,—
Core: Administrator accounts,Default admin account (no password until one is set at the first login),6.6.0 or earlier,NDM SRG-APP-000148-NDM-000346; NDM SRG-APP-000153-NDM-000249; AAA SRG-APP-000148-AAA-000390; AAA SRG-APP-000234-AAA-000060; AAA SRG-APP-000234-AAA-000070,"GUI: Authentication > User Management > Local Users (set a password of 15 or more characters at the first login; keep admin as the one local account of last resort, without account expiration)"
Core: Administrator accounts,Administrator role on local and remote LDAP user accounts (Full permission or admin profiles),6.6.0 or earlier,NDM SRG-APP-000033-NDM-000212; NDM SRG-APP-000340-NDM-000288; NDM SRG-APP-000231-NDM-000271; NDM SRG-APP-000380-NDM-000304; NDM SRG-APP-000516-NDM-000335,"GUI: Authentication > User Management > Local Users (User Role: Administrator; Full permission only for the administrators who need it, admin profiles for the others)"
Core: Administrator accounts,Admin profiles (read-only and read/write permission sets; built-in read-only profile),6.6.0 or earlier,NDM SRG-APP-000033-NDM-000212; NDM SRG-APP-000380-NDM-000304; NDM SRG-APP-000378-NDM-000302,GUI: System > Administration > Admin Profiles (permission sets limited to each administrator's duties)
Core: Administrator accounts,Web service (REST API) access and API keys for administrators,6.6.0 or earlier,NDM SRG-APP-000340-NDM-000288; NDM SRG-APP-000408-NDM-000314,GUI: Authentication > User Management > Local Users (Web service access: only for the administrators and integrations that need it)
Core: Administrator accounts,"Password of the logged-in administrator required before an administrator account is added, edited, or deleted",6.6.0 or earlier,NDM SRG-APP-000380-NDM-000304; NDM SRG-APP-000033-NDM-000212,—
Core: Administrator accounts,Sponsor role for guest account management,6.6.0 or earlier,NDM SRG-APP-000033-NDM-000212; AAA SRG-APP-000815-AAA-000140,GUI: Authentication > User Account Policies > General (Each sponsor only has access to guest users they created: enabled)
Core: Authentication,"Two-factor authentication for administrator logins (FortiToken, FortiToken Mobile, email, or SMS one-time passwords)",6.6.0 or earlier,NDM SRG-APP-000820-NDM-000170; NDM SRG-APP-000825-NDM-000180; NDM SRG-APP-000149-NDM-000247; AAA SRG-APP-000149-AAA-000400,GUI: Authentication > User Management > Local Users (One-Time Password (OTP) authentication with a FortiToken for every administrator account)
Core: Authentication,"Remote LDAP servers (LDAPS or STARTTLS with a CA certificate, secondary server, client certificate)",6.6.0 or earlier,AAA SRG-APP-000142-AAA-000010; NDM SRG-APP-000516-NDM-000336; AAA SRG-APP-000910-AAA-000230; NDM SRG-APP-000172-NDM-000259,"GUI: Authentication > Remote Auth. Servers > LDAP (Secure Connection enabled, Protocol LDAPS or STARTTLS, Trusted CA Single with the DoD CA certificate; Use secondary server)"
Core: Authentication,"Remote RADIUS servers (primary and optional secondary server, learning mode for user migration)",6.6.0 or earlier,NDM SRG-APP-000516-NDM-000336; AAA SRG-APP-000516-AAA-000640,GUI: Authentication > Remote Auth. Servers > RADIUS (a unique secret for each server; Secondary Server for redundancy)
Core: Authentication,Remote TACACS+ servers,6.6.0 or earlier,NDM SRG-APP-000516-NDM-000336; AAA SRG-APP-000516-AAA-000640,GUI: Authentication > Remote Auth. Servers > TACACS+ (a unique secret for each server)
Core: Authentication,Remote SAML identity providers (authentication context Default or MFA),6.6.0 or earlier,NDM SRG-APP-000516-NDM-000336; AAA SRG-APP-000150-AAA-000410,GUI: Authentication > Remote Auth. Servers > SAML (Authentication context: MFA)
Core: Authentication,"Password policies (minimum length, complexity, password not equal to username) applied through user groups",6.6.0 or earlier,AAA SRG-APP-000164-AAA-000450; AAA SRG-APP-000166-AAA-000460; AAA SRG-APP-000167-AAA-000470; AAA SRG-APP-000168-AAA-000480; AAA SRG-APP-000169-AAA-000490; NDM SRG-APP-000164-NDM-000252; AAA SRG-APP-000860-AAA-000200,"GUI: Authentication > User Account Policies > Passwords (in the default policy and every policy in use: Minimum length 15; Check for password complexity, at least one of each character type; Enforce password not equal to username)"
Core: Authentication,"Password change policy (password expiry, renewal reminders, password history, expiry of random passwords)",6.6.0 or earlier,AAA SRG-APP-000174-AAA-000540; AAA SRG-APP-000024-AAA-000050,GUI: Authentication > User Account Policies > Passwords (Enable password expiry with a Maximum password age of 180 days or less; Enforce password history; Enable random password expiry)
Core: Authentication,Force password change on next logon,6.6.0 or earlier,AAA SRG-APP-000855-AAA-000190,GUI: Authentication > User Management > Local Users (Force password change on next logon for every account whose password an administrator set)
Core: Authentication,Password recovery options (email recovery and security question),6.6.0 or earlier,AAA SRG-APP-000855-AAA-000190,GUI: Authentication > User Management > Local Users (Password Recovery Options: only the methods the organization approves)
Core: Authentication,Local user password storage (enhanced cryptography with bcrypt; administrator and sponsor passwords always bcrypt),6.6.0 or earlier,AAA SRG-APP-000171-AAA-000510; NDM SRG-APP-000171-NDM-000258; AAA SRG-APP-000231-AAA-000610,"GUI: Authentication > User Account Policies > General (Local User Password Storage, Enhanced cryptography: enabled, which cannot be turned off after 30 days and stops CHAP and MSCHAPv2 for local users)"
Core: Authentication,"User account lockout policy (maximum failed login attempts, lockout period or lock until an administrator re-enables the account)",6.6.0 or earlier,AAA SRG-APP-000065-AAA-000200; AAA SRG-APP-000345-AAA-000210; AAA SRG-APP-000805-AAA-000130,"GUI: Authentication > User Account Policies > Lockouts (User account lockout policy enabled, Maximum failed login attempts 3; Specify lockout period disabled, so that locked accounts stay disabled until an administrator re-enables them)"
Core: Authentication,Inactive user lockout for local users,6.6.0 or earlier,AAA SRG-APP-000025-AAA-000080,"GUI: Authentication > User Account Policies > Lockouts (Inactive user lockout, Lock out inactive users after 35 days)"
Core: Authentication,IP lockout policy for user logins,6.6.0 or earlier,AAA SRG-APP-000065-AAA-000200; NDM SRG-APP-000435-NDM-000315,"GUI: Authentication > User Account Policies > Lockouts (IP lockout policy enabled, Maximum failed login attempts 3)"
Core: Authentication,Account expiration for local users,6.6.0 or earlier,AAA SRG-APP-000024-AAA-000040; AAA SRG-APP-000024-AAA-000050; AAA SRG-APP-000700-AAA-000100,"GUI: Authentication > User Management > Local Users (Enable account expiration, 72 hours or less for temporary accounts)"
Core: Authentication,Disabling and automatic purging of disabled user accounts,6.6.0 or earlier,AAA SRG-APP-000705-AAA-000110; AAA SRG-APP-000710-AAA-000120; AAA SRG-APP-000023-AAA-000030,GUI: Authentication > User Account Policies > General (Automatically purge disabled user accounts only for the reasons the organization approves; disable accounts that are no longer associated with a user)
Core: Authentication,"Individual local, remote LDAP, remote RADIUS, and remote SAML user accounts",6.6.0 or earlier,AAA SRG-APP-000148-AAA-000390; AAA SRG-APP-000516-AAA-000620; AAA SRG-APP-000815-AAA-000140,GUI: Authentication > User Management > Local Users (one account for each person; no shared or group accounts)
Core: Authentication,Remote user synchronization rules (import of directory users and their tokens),6.6.0 or earlier,AAA SRG-APP-000023-AAA-000030; AAA SRG-APP-000705-AAA-000110,GUI: Authentication > User Management > Remote User Sync Rules (synchronize users from the directory instead of creating local accounts)
Core: Authentication,"User groups (local, remote LDAP, remote RADIUS, remote SAML, and MAC) with a password policy and RADIUS attributes",6.6.0 or earlier,AAA SRG-APP-000023-AAA-000030; NDM SRG-APP-000033-NDM-000212,GUI: Authentication > User Management > User Groups (Password policy: a policy that meets the requirements for every local group)
Core: Authentication,FortiToken hardware tokens and FortiToken Mobile tokens,6.6.0 or earlier,AAA SRG-APP-000149-AAA-000400; AAA SRG-APP-000150-AAA-000410; NDM SRG-APP-000820-NDM-000170,GUI: Authentication > User Management > FortiTokens
Core: Authentication,"Token policy (TOTP and HOTP windows, FortiToken Mobile provisioning and PIN, email and SMS token timeout)",6.6.0 or earlier,NDM SRG-APP-000156-NDM-000250; NDM SRG-APP-000820-NDM-000170,GUI: Authentication > User Account Policies > Tokens (TOTP authentication window size 1 minute; Require PIN Enforced; Email/SMS Token timeout 60 seconds)
Core: Authentication,PCI DSS 3.2 two-factor authentication flow (all factors collected before success or failure is shown),6.6.0 or earlier,NDM SRG-APP-000825-NDM-000180; AAA SRG-APP-000150-AAA-000410,GUI: Authentication > User Account Policies > General (PCI DSS 3.2 two-factor authentication: enabled)
Core: Authentication,FIDO authentication for user accounts,6.6.0 or earlier,AAA SRG-APP-000150-AAA-000410; NDM SRG-APP-000820-NDM-000170,"GUI: Authentication > User Management > Local Users (FIDO authentication, Register FIDO key)"
Core: Authentication,Trusted subnets that let users bypass one-time password verification,6.6.0 or earlier,AAA SRG-APP-000150-AAA-000410; AAA SRG-APP-000149-AAA-000400,"GUI: Authentication > User Account Policies > Trusted Subnets (none, unless the bypass is approved)"
Core: Authentication,"Realms for RADIUS clients, SAML IdP, and portals",6.6.0 or earlier,"No direct requirement; if unused, disable (AAA SRG-APP-000141-AAA-000670)",—
Core: Authentication,Custom user fields,6.6.0 or earlier,"No direct requirement; if unused, disable (AAA SRG-APP-000141-AAA-000670)",—
Core: Authentication,Usage profiles (time and data limits),6.6.0 or earlier,"No direct requirement; if unused, disable (AAA SRG-APP-000141-AAA-000670)",—
Core: Authentication,Guest users and the sponsor portal,6.6.0 or earlier,AAA SRG-APP-000024-AAA-000040; AAA SRG-APP-000024-AAA-000050,GUI: Authentication > User Management > Guest Users (account expiration of 72 hours or less)
Core: Authentication,Certificate bindings on user accounts (issuer and common name of the user certificate),6.6.0 or earlier,AAA SRG-APP-000177-AAA-000600,GUI: Authentication > User Management > Local Users (Certificate Bindings: the DoD issuing CA and the common name for each user)
Core: RADIUS service,"RADIUS clients with a shared secret for each client (IP address, subnet, or range)",6.6.0 or earlier,AAA SRG-APP-000516-AAA-000640; AAA SRG-APP-000516-AAA-000630,GUI: Authentication > RADIUS Service > Clients (a unique secret for each client; IP/Hostname rather than subnets or ranges)
Core: RADIUS service,Message-Authenticator attribute required from RADIUS clients,8.0.3 or earlier,AAA SRG-APP-000516-AAA-000690; AAA SRG-APP-000142-AAA-000020,GUI: Authentication > RADIUS Service > Clients (Require client to send Message-Authenticator attribute: enabled)
Core: RADIUS service,"RADIUS policies (Password/OTP, EAP-TLS, and MAC authentication bypass; authentication factors)",6.6.0 or earlier,AAA SRG-APP-000149-AAA-000400; AAA SRG-APP-000150-AAA-000410; AAA SRG-APP-000394-AAA-000430; NDM SRG-APP-000820-NDM-000170,"GUI: Authentication > RADIUS Service > Policies (Authentication Methods: Mandatory password and OTP, above all for administrator logins to network devices)"
Core: RADIUS service,"EAP methods and EAP server certificate (PEAP, EAP-TTLS, EAP-TLS, EAP-GTC, and EAP-MSCHAPv2)",6.6.0 or earlier,AAA SRG-APP-000516-AAA-000440; AAA SRG-APP-000158-AAA-000420; AAA SRG-APP-000394-AAA-000430,GUI: Authentication > RADIUS Service > General (EAP Server Certificate: a DoD-issued certificate; Local CAs and Trusted CAs for EAP-TLS limited to DoD CAs)
Core: RADIUS service,"EAP-TLS client certificate validation (certificate bindings or trusted CAs, expiry, and revocation by CRL)",6.6.0 or earlier,AAA SRG-APP-000175-AAA-000570; AAA SRG-APP-000175-AAA-000580; AAA SRG-APP-000177-AAA-000600; AAA SRG-APP-000394-AAA-000430,"GUI: Authentication > RADIUS Service > Auth Profiles (Client Credential Certificates; Authentication mode Certificate bindings, or Trusted CA(s) with DoD CAs only and a current CRL for each)"
Core: RADIUS service,Windows AD domain authentication for PEAP-MSCHAPv2,6.6.0 or earlier,AAA SRG-APP-000516-AAA-000440,GUI: Authentication > Remote Auth. Servers > LDAP (Windows Active Directory Domain Authentication only where PEAP-MSCHAPv2 is required)
Core: RADIUS service,Response to unauthorized MAC authentication bypass requests and RADIUS attributes for VLAN assignment,6.6.0 or earlier,AAA SRG-APP-000516-AAA-000660; AAA SRG-APP-000516-AAA-000650,"GUI: Authentication > RADIUS Service > Policies (RADIUS response: Unauthorized Access-Reject, or Access-Accept with the attributes of the guest or unauthorized VLAN)"
Core: RADIUS service,RADIUS accounting for usage enforcement and RADIUS Disconnect messages,6.6.0 or earlier,AAA SRG-APP-000089-AAA-000380,GUI: Authentication > RADIUS Service > Clients (Accept RADIUS account messages for usage enforcement and Support RADIUS Disconnect messages only where usage limits are enforced)
Core: RADIUS service,"RADIUS service ports (authentication 1812, accounting SSO 1813, accounting monitor 1646, RADSEC 2083)",6.6.0 or earlier,AAA SRG-APP-000142-AAA-000680,GUI: Authentication > RADIUS Service > Services (the ports approved in the PPSM CAL)
Core: RADIUS service,RADSEC (RADIUS over TLS),6.6.0 or earlier,AAA SRG-APP-000142-AAA-000020; AAA SRG-APP-000172-AAA-000520,GUI: Authentication > RADIUS Service > General (RADSEC Server Certificate: a DoD-issued certificate); GUI: System > Network > Interfaces (Services: RADSEC)
Core: RADIUS service,RADIUS accounting proxy,6.6.0 or earlier,"No direct requirement; if unused, disable (AAA SRG-APP-000141-AAA-000670)",GUI: Authentication > RADIUS Service > Accounting Proxy
Core: RADIUS service,Custom RADIUS dictionaries,6.6.0 or earlier,"No direct requirement; if unused, disable (AAA SRG-APP-000141-AAA-000670)",—
Core: TACACS+ service,TACACS+ clients with a shared secret for each client,6.6.0 or earlier,AAA SRG-APP-000516-AAA-000640; AAA SRG-APP-000516-AAA-000630,GUI: Authentication > TACACS+ Service > Clients (a unique secret for each client; IP Address rather than subnets)
Core: TACACS+ service,"TACACS+ policies (clients, identity sources, and authentication factors)",6.6.0 or earlier,AAA SRG-APP-000149-AAA-000400; NDM SRG-APP-000820-NDM-000170,GUI: Authentication > TACACS+ Service > Policies (two-factor authentication for every administrator of a network device)
Core: TACACS+ service,"TACACS+ authorization rules (privilege level, non-shell services, and shell commands)",6.6.0 or earlier,NDM SRG-APP-000033-NDM-000212; NDM SRG-APP-000340-NDM-000288,"GUI: Authentication > TACACS+ Service > Authorization (Default permission for shell commands: Deny, with only the allowed commands for each role)"
Core: TACACS+ service,"Session duration of authenticated TACACS+ users (28,800 seconds by default)",6.6.0 or earlier,NDM SRG-APP-000400-NDM-000313,"GUI: Authentication > User Account Policies > General (Session Expiry, TACACS+ authentication: the organization-defined period)"
Core: LDAP service,LDAP service and directory tree (LDAP server certificate),6.6.0 or earlier,AAA SRG-APP-000142-AAA-000020; AAA SRG-APP-000142-AAA-000010,GUI: Authentication > LDAP Service > General (LDAP server certificate: a DoD-issued certificate); GUI: System > Network > Interfaces (Services: LDAPS rather than LDAP)
Core: LDAP service,LDAP browsing permission for user accounts,6.6.0 or earlier,"No direct requirement; if unused, disable (AAA SRG-APP-000141-AAA-000670)",GUI: Authentication > User Management > Local Users (Allow LDAP browsing: off)
Core: SAML IdP and OAuth,"SAML IdP portal (IdP certificate, signing algorithm, login session timeout)",6.6.0 or earlier,NDM SRG-APP-000516-NDM-000344; AAA SRG-APP-000150-AAA-000410,GUI: Authentication > SAML IdP > General (Default IdP certificate: a DoD-issued certificate; Default signing algorithm SHA-256 or stronger; Login session timeout as the organization defines)
Core: SAML IdP and OAuth,"SAML service providers (server certificate, signing algorithm, and token-based authentication for each SP)",6.6.0 or earlier,AAA SRG-APP-000150-AAA-000410; AAA SRG-APP-000149-AAA-000400,GUI: Authentication > SAML IdP > Service Providers (token-based authentication for every SP; no bypass for users from trusted subnets)
Core: SAML IdP and OAuth,"OAuth service (relying parties, scopes, and policies)",6.6.0 or earlier,"No direct requirement; if unused, disable (AAA SRG-APP-000141-AAA-000670)",GUI: Authentication > OAuth Service > General
Core: Portals,"Self-service and captive portals (pre-login and post-login services, disclaimer)",6.6.0 or earlier,"No direct requirement; if unused, disable (AAA SRG-APP-000141-AAA-000670)",GUI: Authentication > Portals > Portals
Core: Fortinet SSO,"Fortinet single sign-on methods (domain controller polling, RADIUS accounting, syslog, FortiClient SSO Mobility Agent)",6.6.0 or earlier,"No direct requirement; if unused, disable (AAA SRG-APP-000141-AAA-000670)",GUI: Fortinet SSO > Settings > Methods
Core: Certificate authority,"Local CAs (created or imported, private keys optionally on a NetHSM)",6.6.0 or earlier,NDM SRG-APP-000516-NDM-000344; AAA SRG-APP-000176-AAA-000590,GUI: Certificate Management > Certificate Authorities > Local CAs (only for the internal uses that the PKI policy allows); GUI: System > Administration > NetHSMs
Core: Certificate authority,Trusted CAs (no third-party CA certificates are preinstalled),6.6.0 or earlier,AAA SRG-APP-000910-AAA-000230; NDM SRG-APP-000910-NDM-000300; AAA SRG-APP-000175-AAA-000570,GUI: Certificate Management > Certificate Authorities > Trusted CAs (import only the DoD root and intermediate CAs)
Core: Certificate authority,"Certificate revocation lists (imported CRLs, local CRLs, and automatically downloaded CRLs)",6.6.0 or earlier,AAA SRG-APP-000175-AAA-000580; AAA SRG-APP-000875-AAA-000220; NDM SRG-APP-000875-NDM-000280; NDM SRG-APP-000175-NDM-000262,GUI: Certificate Management > Certificate Authorities > CRLs (a current CRL for every trusted DoD CA)
Core: Certificate authority,OCSP responder for the certificates that FortiAuthenticator issues (TCP/2560),6.6.0 or earlier,"No direct requirement; if unused, disable (AAA SRG-APP-000141-AAA-000670)",GUI: System > Network > Interfaces (Services: OCSP)
Core: Certificate authority,"User and server certificates (key type, key size, and hash algorithm)",6.6.0 or earlier,NDM SRG-APP-000516-NDM-000344; AAA SRG-APP-000176-AAA-000590,"GUI: Certificate Management > End Entities > Users (RSA 2048 bits or larger, or ECC; SHA-256 or stronger); GUI: Certificate Management > End Entities > Local Services"
Core: Certificate authority,Certificate expiry warning email,6.6.0 or earlier,NDM SRG-APP-000516-NDM-000344,GUI: Certificate Management > Policies > General (Warn when a certificate is about to expire)
Core: Certificate authority,SCEP server,6.6.0 or earlier,"No direct requirement; if unused, disable (AAA SRG-APP-000141-AAA-000670)",GUI: Certificate Management > SCEP > General (Enable SCEP)
Core: Logging,"Event logs (category, subcategory, level, action, status, user, and source IP address)",6.6.0 or earlier,AAA SRG-APP-000089-AAA-000380; AAA SRG-APP-000095-AAA-000220; AAA SRG-APP-000096-AAA-000230; AAA SRG-APP-000097-AAA-000240; AAA SRG-APP-000098-AAA-000250; AAA SRG-APP-000099-AAA-000260; AAA SRG-APP-000100-AAA-000270; NDM SRG-APP-000095-NDM-000225; NDM SRG-APP-000100-NDM-000230; NDM SRG-APP-000503-NDM-000320,GUI: Logging > Log Access > Logs
Core: Logging,Log events for administrator configuration activities and account changes,6.6.0 or earlier,AAA SRG-APP-000026-AAA-000090; AAA SRG-APP-000027-AAA-000100; AAA SRG-APP-000028-AAA-000110; AAA SRG-APP-000029-AAA-000120; AAA SRG-APP-000319-AAA-000170; NDM SRG-APP-000026-NDM-000208; NDM SRG-APP-000027-NDM-000209; NDM SRG-APP-000028-NDM-000210; NDM SRG-APP-000029-NDM-000211; NDM SRG-APP-000343-NDM-000289,GUI: Logging > Log Access > Logs
Core: Logging,"Remote syslog servers (up to 20, with level, facility, and TLS with a verified server certificate)",6.6.0 or earlier,AAA SRG-APP-000358-AAA-000280; NDM SRG-APP-000516-NDM-000350; NDM SRG-APP-000515-NDM-000325,"GUI: Logging > Log Config > Syslog Servers (two servers, Secure Connection enabled); GUI: Logging > Log Config > Log Settings (Send system logs to remote Syslog servers)"
Core: Logging,Logging to FortiAnalyzer or FortiManager,6.6.0 or earlier,AAA SRG-APP-000358-AAA-000280; NDM SRG-APP-000515-NDM-000325,GUI: Logging > Log Config > Log Settings (Send logs to FortiManager/FortiAnalyzer)
Core: Logging,Log backup to an FTP server and automatic log deletion (after 12 months by default),6.6.0 or earlier,NDM SRG-APP-000357-NDM-000293; NDM SRG-APP-000120-NDM-000237; NDM SRG-APP-000515-NDM-000325,GUI: Logging > Log Config > Log Settings (Enable remote backup to an SFTP server; Enable log auto-deletion only after the retention period)
Core: Logging,User audit reports,6.6.0 or earlier,AAA SRG-APP-000023-AAA-000030; AAA SRG-APP-000025-AAA-000080,"GUI: Logging > Audit Reports > Users Audit (Download User Audit on a schedule and review the role, admin profile, and last used columns)"
Core: Logging,Debug logs and debug reports,6.6.0 or earlier,"No direct requirement; if unused, disable (AAA SRG-APP-000141-AAA-000670)",—
Core: Monitoring,SNMP v1/v2c communities and SNMP v3 users,6.6.0 or earlier,NDM SRG-APP-000395-NDM-000310; NDM SRG-APP-000142-NDM-000245,"GUI: System > Administration > SNMP (SNMP v3 users only, Security level Encryption and authentication; no SNMP v1/v2c communities)"
Core: Monitoring,"SNMP traps and thresholds (lockouts, HA status, disk usage, RAID, authentication failure rate)",6.6.0 or earlier,AAA SRG-APP-000108-AAA-000290; NDM SRG-APP-000360-NDM-000295; NDM SRG-APP-000795-NDM-000130,"GUI: System > Administration > SNMP (Events: User lockout detected, IP lockout detected, HA status is changed, Disk usage is high, RAID status changed, and Auth failure rate threshold exceeded)"
Core: Monitoring,Locked-out users and locked-out IP addresses monitors,6.6.0 or earlier,AAA SRG-APP-000345-AAA-000210,GUI: Monitor > Authentication > Locked-out Users
Core: Monitoring,"Dashboard widgets (system information, authentication activity, top user lockouts, disk monitor)",6.6.0 or earlier,"No direct requirement; if unused, disable (AAA SRG-APP-000141-AAA-000670)",—
Core: Messaging,SMTP servers and email services for one-time passwords and notifications,6.6.0 or earlier,AAA SRG-APP-000142-AAA-000020,"GUI: System > Messaging > SMTP Servers (an external mail relay, Secure connection STARTTLS, Enable authentication)"
Core: Messaging,SMS gateways,6.6.0 or earlier,"No direct requirement; if unused, disable (AAA SRG-APP-000141-AAA-000670)",GUI: System > Messaging > SMS Gateways
Core: Time,"System time, time zone, and NTP (two servers, with authentication)",6.6.0 or earlier,AAA SRG-APP-000116-AAA-000320; AAA SRG-APP-000516-AAA-000350; AAA SRG-APP-000516-AAA-000360; AAA SRG-APP-000374-AAA-000340; NDM SRG-APP-000395-NDM-000347; NDM SRG-APP-000920-NDM-000320; NDM SRG-APP-000374-NDM-000299,"GUI: System > Dashboard > Status (System Information widget, System Time: NTP enabled with two DoD NTP servers, Enable authentication with a key for each)"
Core: Network,DNS servers and static routes,6.6.0 or earlier,"No direct requirement; if unused, disable (AAA SRG-APP-000141-AAA-000670)",—
Core: Network,Zero trust tunnels to remote LDAP servers,6.6.0 or earlier,AAA SRG-APP-000142-AAA-000010,GUI: System > Network > Zero Trust Tunnels
Core: Network,Packet capture,6.6.0 or earlier,"No direct requirement; if unused, disable (AAA SRG-APP-000141-AAA-000670)",—
Core: Network,LACP bond interfaces (created from the CLI),8.0.3 or earlier,"No direct requirement; if unused, disable (AAA SRG-APP-000141-AAA-000670)",—
Core: Availability,"HA cluster (active-passive cluster members, IPsec with a shared password, management interface and access, monitored interfaces)",6.6.0 or earlier,NDM SRG-APP-000412-NDM-000331; NDM SRG-APP-000408-NDM-000314; NDM SRG-APP-000880-NDM-000290,GUI: System > Administration > High Availability (Role Cluster member on two units; a strong Password; Management access SSH and Web Interface only; a dedicated link between the units)
Core: Availability,Load-balancing HA (standalone primary and up to ten load balancers),6.6.0 or earlier,NDM SRG-APP-000412-NDM-000331,GUI: System > Administration > High Availability (Role Standalone Primary and Load Balancer; a strong Password)
Core: Availability,"Firmware upgrade (GUI, CLI from FTP or TFTP, coordinated HA upgrade, upgrade history)",6.6.0 or earlier,NDM SRG-APP-000457-NDM-000352; NDM SRG-APP-001035-NDM-000340; NDM SRG-APP-000131-NDM-000243; NDM SRG-APP-000378-NDM-000302,GUI: System > Administration > Firmware Upgrade (a vendor-supported release; compare the MD5 checksum with the one from FortiCloud before upgrading)
Core: Availability,Configuration backup and restore (encrypted backup file),6.6.0 or earlier,NDM SRG-APP-000516-NDM-000340; AAA SRG-APP-000231-AAA-000610,"GUI: System > Dashboard > Status (System Information widget, System Configuration: Backup/Restore with Encryption and a password)"
Core: Availability,"Configuration auto-backup to FTP or SFTP servers (secondary server, encryption)",6.6.0 or earlier,NDM SRG-APP-000516-NDM-000340,"GUI: System > Administration > Config Auto-backup (enabled, an SFTP server and a Secondary FTP server, Encryption with a password)"
Core: Availability,FTP servers (FTP or SFTP) for backups,6.6.0 or earlier,NDM SRG-APP-000172-NDM-000259,GUI: System > Administration > FTP Servers (Connection type SFTP)
Core: Availability,"Data-at-rest protection (AES256 encryption of secrets, salted SHA-256 hashes, encrypted file system)",6.6.2 (release notes),AAA SRG-APP-000231-AAA-000610,—
Core: Availability,"Licensing and FortiGuard connections (FortiToken provisioning, messaging service, proxy)",6.6.0 or earlier,"No direct requirement; if unused, disable (AAA SRG-APP-000141-AAA-000670)",—
Core: Availability,RAID and disk replacement,6.6.0 or earlier,"No direct requirement; if unused, disable (AAA SRG-APP-000141-AAA-000670)",—
Fortinet SSO,Remote LDAP user groups included in FSSO and in FortiGate filters,6.6.0 and later,"No direct requirement; if unused, disable (AAA SRG-APP-000141-AAA-000670)",GUI: Authentication > User Management > User Groups (Include for FSSO: off)
RADIUS service,FortiToken Mobile push without a RADIUS Access-Challenge,6.6.0 and later,"No direct requirement; if unused, disable (AAA SRG-APP-000141-AAA-000670)",GUI: Authentication > RADIUS Service > Policies (Trigger push without RADIUS challenge: off)
SAML IdP and OAuth,Authorization code with PKCE grant type for public OAuth clients,6.6.0 and later,AAA SRG-APP-000142-AAA-000020,GUI: Authentication > OAuth Service > Relying Party (Authorization code with PKCE for every public client)
Portals,No authentication type for captive portal policies,6.6.0 and later,AAA SRG-APP-000148-AAA-000390; AAA SRG-APP-000815-AAA-000140,GUI: Authentication > Portals > Policies (no captive portal policy with the No authentication type unless the access it gives is approved)
RADIUS service,Maximum number of concurrent MAC devices for each user in usage profiles,6.6.0 and later,"No direct requirement; if unused, disable (AAA SRG-APP-000141-AAA-000670)",—
SAML IdP and OAuth,SAML IdP login session timeout up to 120 days,6.6.0 and later,NDM SRG-APP-000400-NDM-000313,"GUI: Authentication > SAML IdP > General (Login session timeout: the organization-defined period, not the maximum)"
SAML IdP and OAuth,Custom user fields in SAML SP assertion attributes,6.6.0 and later,"No direct requirement; if unused, disable (AAA SRG-APP-000141-AAA-000670)",—
Portals,Expiry of MAC devices tracked by captive portals,6.6.0 and later,"No direct requirement; if unused, disable (AAA SRG-APP-000141-AAA-000670)",—
Availability,Selectable configuration subsets synchronized to load-balancing HA nodes,6.6.0 and later,"No direct requirement; if unused, disable (AAA SRG-APP-000141-AAA-000670)",—
Logging,User audit report limited to administrator and sponsor accounts,6.6.0 and later,AAA SRG-APP-000023-AAA-000030; NDM SRG-APP-000033-NDM-000212,"GUI: Logging > Audit Reports > Users Audit (Only include administrator & sponsor accounts, for the periodic review of privileged accounts)"
Authentication,Migration of FortiToken Mobile tokens to FortiToken Cloud,6.6.0 and later,"No direct requirement; if unused, disable (AAA SRG-APP-000141-AAA-000670)",—
Certificate authority,CMPv2 certificate enrollment server,6.6.0 and later,"No direct requirement; if unused, disable (AAA SRG-APP-000141-AAA-000670)",GUI: Certificate Management > CMP > General
Authentication,SCIM client for provisioning users to service providers,6.6.0 and later,AAA SRG-APP-000023-AAA-000030,GUI: Authentication > SCIM > Service Provider
SAML IdP and OAuth,IAM logins and IAM claims in the OAuth service,6.6.0 and later,"No direct requirement; if unused, disable (AAA SRG-APP-000141-AAA-000670)",—
Fortinet SSO,Username attribute from the LDAP lookup for FortiGate FSSO,6.6.0 and later,"No direct requirement; if unused, disable (AAA SRG-APP-000141-AAA-000670)",—
SAML IdP and OAuth,Custom user fields in OAuth relying party claims,6.6.0 and later,"No direct requirement; if unused, disable (AAA SRG-APP-000141-AAA-000670)",—
REST API,"Company and department fields in the local, LDAP, and RADIUS user endpoints",6.6.0 and later,"No direct requirement; if unused, disable (AAA SRG-APP-000141-AAA-000670)",—
Authentication,Two-minute cache of successful LDAP authentications,6.6.0 and later,NDM SRG-APP-000400-NDM-000313,—
SAML IdP and OAuth,Hardened SAML IdP login with a Use token toggle,6.6.1 and later,AAA SRG-APP-000150-AAA-000410,GUI: Authentication > SAML IdP > Replacement Messages
Portals,Delivery methods allowed when users reconfigure FortiToken Mobile in the self-service portal,6.6.1 and later,AAA SRG-APP-000855-AAA-000190,GUI: Authentication > Portals > Portals (Authorized delivery options: only the approved methods)
Certificate authority,Subject alternative names for wildcard SCEP enrollment and optional password on renewal,6.6.1 and later,"No direct requirement; if unused, disable (AAA SRG-APP-000141-AAA-000670)",—
SAML IdP and OAuth,SAML IdP reverse proxy port for FortiProxy Cloud,6.6.1 and later,"No direct requirement; if unused, disable (AAA SRG-APP-000141-AAA-000670)",GUI: System > Network > Interfaces (SAML IdP Reverse Proxy: off)
Authentication,Optional secondary remote TACACS+ server,6.6.1 and later,NDM SRG-APP-000516-NDM-000336,GUI: Authentication > Remote Auth. Servers > TACACS+ (Secondary Server for redundancy)
Authentication,Offline FortiToken Mobile provisioning for air-gapped FortiAuthenticator devices,6.6.1 and later,AAA SRG-APP-000150-AAA-000410,GUI: Authentication > User Account Policies > Tokens (Provision mode: Offline on networks without Internet access)
Authentication,Remote user synchronization rules over SCIM,6.6.1 and later,AAA SRG-APP-000023-AAA-000030,GUI: Authentication > User Management > Remote User Sync Rules
Authentication,Import and export of user and user group data through CSV files,6.6.1 and later,AAA SRG-APP-000023-AAA-000030,—
Fortinet SSO,Reorganized Fortinet SSO menus,6.6.1 and later,"No direct requirement; if unused, disable (AAA SRG-APP-000141-AAA-000670)",—
Portals,Endorser email address entered by guests at self-registration,6.6.3 and later,"No direct requirement; if unused, disable (AAA SRG-APP-000141-AAA-000670)",—
Certificate authority,CRL distribution point and OCSP responder extensions in CMP-issued certificates,6.6.3 and later,NDM SRG-APP-000875-NDM-000280,GUI: Certificate Management > CMP > Enrollment Requests (Other Extensions: the CRL distribution point and OCSP responder URL)
Authentication,FortiToken Mobile tokens in third-party MFA applications,6.6.3 and later,"No direct requirement; if unused, disable (AAA SRG-APP-000141-AAA-000670)",—
RADIUS service,"IPv6 for RADIUS servers, captive portals, self-service portals, and trusted subnets",6.6.3 and later,"No direct requirement; if unused, disable (AAA SRG-APP-000141-AAA-000670)",—
SAML IdP and OAuth,Conditional consent and login prompts and independent session timeouts for OAuth and OIDC,6.6.3 and later,"No direct requirement; if unused, disable (AAA SRG-APP-000141-AAA-000670)",—
Platform,More user groups for each user (users divided by 5),6.6.3 and later,"No direct requirement; if unused, disable (AAA SRG-APP-000141-AAA-000670)",—
Authentication,Data limit for each time interval in usage profiles,6.6.3 and later,"No direct requirement; if unused, disable (AAA SRG-APP-000141-AAA-000670)",—
SAML IdP and OAuth,"OIDC logout endpoint that revokes access, refresh, and ID tokens",6.6.3 and later,NDM SRG-APP-000220-NDM-000268,—
Authentication,Global FIDO user verification setting,6.6.3 and later,AAA SRG-APP-000150-AAA-000410,GUI: Authentication > User Account Policies > Tokens (FIDO user verification: required)
Authentication,"Password and OTP concatenation for FortiToken Cloud tokens in RADIUS, TACACS+, and LDAP",6.6.3 and later,AAA SRG-APP-000150-AAA-000410,—
Authentication,"Guest user passwords set by administrators, custom fields, and new admin profile permissions",6.6.3 and later,NDM SRG-APP-000033-NDM-000212,GUI: System > Administration > Admin Profiles (Can change password of guest user only for the administrators who manage guests)
Portals,Password reset with SMS or FortiToken verification,6.6.3 and later,AAA SRG-APP-000855-AAA-000190,"GUI: Authentication > Portals > Portals (Password Reset, Verification methods: FortiToken or another approved method)"
Authentication,Passwords of up to 64 characters for privileged user accounts,6.6.3 and later,AAA SRG-APP-000860-AAA-000200,—
Portals,Smart Connect application for Chromebooks,6.6.3 and later,"No direct requirement; if unused, disable (AAA SRG-APP-000141-AAA-000670)",—
Fortinet SSO,User groups restricted to the global pre-filter,6.6.3 and later,"No direct requirement; if unused, disable (AAA SRG-APP-000141-AAA-000670)",—
REST API,user_ip field in the authentication and OAuth token endpoints,6.6.3 and later,"No direct requirement; if unused, disable (AAA SRG-APP-000141-AAA-000670)",—
Authentication,"Administrative account lock (Locked option for local, LDAP, RADIUS, and SAML users)",6.6.3 and later,AAA SRG-APP-000710-AAA-000120; AAA SRG-APP-000345-AAA-000210,"GUI: Authentication > User Management > Local Users (Locked, for accounts that violate policy)"
Fortinet SSO,Selectable server certificate for the FortiClient SSO Mobility Agent service (port 8001),6.6.3 and later,NDM SRG-APP-000516-NDM-000344,GUI: Fortinet SSO > Settings > Methods (Server certificate: the certificate signed by the current CA)
Logging,Logs of unusual login activity and of email and mobile number changes,6.6.3 and later,AAA SRG-APP-000089-AAA-000380; AAA SRG-APP-000027-AAA-000100; NDM SRG-APP-000795-NDM-000130,GUI: Logging > Log Access > Logs
Authentication,IP address and subnet exemptions from IP lockout,6.6.3 and later,AAA SRG-APP-000065-AAA-000200,"GUI: Authentication > User Account Policies > Lockouts (IP Lockout Exemptions: none, unless approved)"
Management access,Cross-Origin Resource Sharing (CORS) HTTP headers,6.6.3 and later,NDM SRG-APP-000038-NDM-000213,"GUI: System > Administration > System Access (Cross-Origin Resource Sharing (CORS): None, or Selective with the approved origins)"
Authentication,Adaptive MFA that bypasses OTP verification on a known device,6.6.3 and later,AAA SRG-APP-000150-AAA-000410; AAA SRG-APP-000149-AAA-000400,GUI: Authentication > User Account Policies > Adaptive MFA Rules (Known devices: off unless approved)
REST API,REST API rate limiting moved and relabeled (Restrict number of authentication requests),6.6.3 and later,NDM SRG-APP-000435-NDM-000315,GUI: Authentication > OAuth Service > General (Restrict number of authentication requests to: enabled)
Certificate authority,ACME account persistence for server certificates,6.6.3 and later,"No direct requirement; if unused, disable (AAA SRG-APP-000141-AAA-000670)",—
REST API,approval_prompt and prompt fields in the OIDC authorization endpoint,6.6.3 and later,"No direct requirement; if unused, disable (AAA SRG-APP-000141-AAA-000670)",—
Fortinet SSO,Manual discovery of AD servers for group lookups,6.6.3 and later,"No direct requirement; if unused, disable (AAA SRG-APP-000141-AAA-000670)",—
Management access,SCIM path in the HTTPS service access rights of an interface,6.6.3 and later,AAA SRG-APP-000142-AAA-000680; NDM SRG-APP-000142-NDM-000245,GUI: System > Network > Interfaces (SCIM (/scim): off unless the SCIM server is used)
Authentication,More reasons for purging disabled local users,6.6.3 and later,AAA SRG-APP-000705-AAA-000110; AAA SRG-APP-000710-AAA-000120,GUI: Authentication > User Account Policies > General (Purge users that are disabled due to the following reasons: only the approved reasons)
RADIUS service,Acct-Session-Id attribute in RADIUS Disconnect-Request messages,6.6.3 and later,"No direct requirement; if unused, disable (AAA SRG-APP-000141-AAA-000670)",—
SAML IdP and OAuth,SAML IdP realms moved to a User Sources tab,6.6.3 and later,"No direct requirement; if unused, disable (AAA SRG-APP-000141-AAA-000670)",—
Authentication,CLI command that searches the LDAP directory for the username before the LDAP bind,6.6.3 and later,"No direct requirement; if unused, disable (AAA SRG-APP-000141-AAA-000670)",diagnose authentication radius-force-ldap-user-lookup disable
Monitoring,"Access token, refresh token, authorization code, and JWT token tabs in the OAuth token monitor",6.6.3 and later,"No direct requirement; if unused, disable (AAA SRG-APP-000141-AAA-000670)",—
REST API,sub_type field in the FortiTokens endpoint,6.6.3 and later,"No direct requirement; if unused, disable (AAA SRG-APP-000141-AAA-000670)",—
RADIUS service,"RADIUS service Certificates tab renamed General, with a maximum fragment size for EAP-TLS",6.6.3 and later,"No direct requirement; if unused, disable (AAA SRG-APP-000141-AAA-000670)",—
Authentication,SCIM synchronization disabled after a configuration restore,6.6.3 and later,AAA SRG-APP-000023-AAA-000030,GUI: Authentication > User Account Policies > General (Re-activate SCIM (client) only after checking the restored configuration)
Certificate authority,Delete button for imported CRLs,6.6.4 and later,AAA SRG-APP-000175-AAA-000580,GUI: Certificate Management > Certificate Authorities > CRLs (delete only superseded CRLs)
Platform,CLI command that skips RAID creation during a factory reset (FortiAuthenticator 300F),6.6.5 and later,"No direct requirement; if unused, disable (AAA SRG-APP-000141-AAA-000670)",—
Certificate authority,DNS subject alternative name kept in renewed CMP device certificates,6.6.5 and later,"No direct requirement; if unused, disable (AAA SRG-APP-000141-AAA-000670)",—
Fortinet SSO,Exclusion of Windows AD computer accounts from SSO,6.6.7+; 8.0.0+,"No direct requirement; if unused, disable (AAA SRG-APP-000141-AAA-000670)",—
Certificate authority,Deletion of a user certificate's private key once it is downloaded,8.0.0 and later,AAA SRG-APP-000176-AAA-000590,GUI: Certificate Management > Policies > General (Delete user certificate's private key once downloaded: enabled)
Certificate authority,SCEP with Microsoft Intune and EAP-TLS with Entra ID users and groups,8.0.0 and later,"No direct requirement; if unused, disable (AAA SRG-APP-000141-AAA-000670)",—
SAML IdP and OAuth,Required authentication method for IdP-initiated SAML logins (FIDO),8.0.0 and later,AAA SRG-APP-000150-AAA-000410,GUI: Authentication > SAML IdP > General (IdP Initiated Login: a two-factor method)
REST API,Creation and deletion of multiple local users in the local users endpoint,8.0.0 and later,"No direct requirement; if unused, disable (AAA SRG-APP-000141-AAA-000670)",—
REST API,X-Request-ID header for tracking end-user operations in logs,8.0.0 and later,AAA SRG-APP-000100-AAA-000270,—
Platform,Subscription VM licenses,8.0.0 and later,"No direct requirement; if unused, disable (AAA SRG-APP-000141-AAA-000670)",—
Availability,Priority override option for active-passive HA,8.0.0 and later,"No direct requirement; if unused, disable (AAA SRG-APP-000141-AAA-000670)",—
RADIUS service,"Client certificate CN from a user attribute or MAC address, and verification of the MAC address in the certificate for EAP-TLS",8.0.0 and later,AAA SRG-APP-000158-AAA-000420; AAA SRG-APP-000177-AAA-000600,"GUI: Authentication > RADIUS Service > Auth Profiles (Verify MAC address in CN of client certificate, where device certificates carry the MAC address)"
SAML IdP and OAuth,Custom multi-value SAML assertion attributes in user groups,8.0.0 and later,"No direct requirement; if unused, disable (AAA SRG-APP-000141-AAA-000670)",—
SAML IdP and OAuth,Authorization of users for each SAML service provider (LDAP group subtypes),8.0.0 and later,NDM SRG-APP-000033-NDM-000212,GUI: Authentication > SAML IdP > Service Providers
Portals,FortiGuest guest portals in FortiAuthenticator (beta),8.0.0 and later,"No direct requirement; if unused, disable (AAA SRG-APP-000141-AAA-000670)",—
Portals,"Legacy self-service portal removed, and administrator logins with the username only",8.0.0 and later,"No direct requirement; if unused, disable (AAA SRG-APP-000141-AAA-000670)",—
RADIUS service,CLI command that overrides the ECDH curves for EAP,8.0.0 and later,AAA SRG-APP-000516-AAA-000440,diagnose authentication radius-eap-ecdh-curve
Authentication,CRL check mode for the secure connection to remote LDAP servers,8.0.0 and later,AAA SRG-APP-000142-AAA-000010; NDM SRG-APP-000875-NDM-000280,"GUI: Authentication > Remote Auth. Servers > LDAP (CRL Check Mode: All Nodes, with a CRL for every CA in the chain)"
Logging,SAML and Generic API debug log categories for the web server,8.0.0 and later,"No direct requirement; if unused, disable (AAA SRG-APP-000141-AAA-000670)",—
Authentication,OTP-only push notification mode,8.0.0 and later,"No direct requirement; if unused, disable (AAA SRG-APP-000141-AAA-000670)",—
RADIUS service,"RADIUS accounting over RADSEC, and verification of RADSEC client certificates",8.0.0 and later,AAA SRG-APP-000142-AAA-000020; AAA SRG-APP-000910-AAA-000230,GUI: Authentication > RADIUS Service > General
TACACS+ service,TACACS+ client groups,8.0.2 and later,"No direct requirement; if unused, disable (AAA SRG-APP-000141-AAA-000670)",—
Availability,Separate HA management interface and heartbeat interface,8.0.2 and later,NDM SRG-APP-000880-NDM-000290,GUI: System > Administration > High Availability (Heartbeat Interface: a dedicated interface)
Availability,Mixed perpetual and subscription licenses in HA and load-balancing deployments,8.0.2 and later,"No direct requirement; if unused, disable (AAA SRG-APP-000141-AAA-000670)",—
LDAP service,Authentication factors verified by the LDAP service during an LDAP bind,8.0.2 and later,AAA SRG-APP-000150-AAA-000410,GUI: Authentication > LDAP Service > General (Authentication Methods: password and OTP where the LDAP clients support it)
Monitoring,Monthly active users widget and active users monitor,8.0.2 and later,"No direct requirement; if unused, disable (AAA SRG-APP-000141-AAA-000670)",—
RADIUS service,"EAP-TEAP (chained machine and user authentication), authentication profiles, and RADIUS client groups",8.0.2 and later,AAA SRG-APP-000516-AAA-000440; AAA SRG-APP-000394-AAA-000430,GUI: Authentication > RADIUS Service > Auth Profiles
Certificate authority,"Elliptic curve keys for local CA, user, and server certificates",8.0.2 and later,NDM SRG-APP-000516-NDM-000344,"GUI: Certificate Management > Certificate Authorities > Local CAs (Key type ECC with an approved key size, or RSA)"
Portals,Smart Connect application from the Microsoft Store for Windows,8.0.2 and later,"No direct requirement; if unused, disable (AAA SRG-APP-000141-AAA-000670)",—
RADIUS service,OCSP verification of EAP-TLS client certificates for each authentication profile,8.0.2 and later,AAA SRG-APP-000175-AAA-000580; AAA SRG-APP-000875-AAA-000220; NDM SRG-APP-000875-NDM-000280,GUI: Authentication > RADIUS Service > Auth Profiles (the OCSP verification mode set to Enable)
Troubleshooting,New diagnose debug CLI commands,8.0.2 and later,"No direct requirement; if unused, disable (AAA SRG-APP-000141-AAA-000670)",diagnose debug clear-all
REST API,display_name field in the local users endpoint,8.0.2 and later,"No direct requirement; if unused, disable (AAA SRG-APP-000141-AAA-000670)",—
REST API,Endpoints for adding an external IdP through self-service,8.0.2 and later,"No direct requirement; if unused, disable (AAA SRG-APP-000141-AAA-000670)",—
REST API,Built-in Swagger documentation of the REST API,8.0.2 and later,"No direct requirement; if unused, disable (AAA SRG-APP-000141-AAA-000670)",—
