Category,Feature,Introduced (FortiClient or EMS),SRG requirement(s),Command to satisfy the requirement
Core: EMS platform,"EMS server host: Windows Server for EMS 7.0 and 7.2; Linux (Ubuntu 22.04 or 24.04, RHEL 9, CentOS Stream 9) from EMS 7.4.0",EMS 7.0.0 or earlier,UEM-S SRG-APP-000516-UEM-000391,Assess the host against its operating system STIG (see Where the SRG data comes from)
Core: EMS platform,Supported EMS release and EMS upgrades,EMS 7.0.0 or earlier,UEM-S SRG-APP-001035-UEM-000408; UEM-S SRG-APP-000456-UEM-000330; UEM-S SRG-APP-000479-UEM-000354,GUI: Dashboard > Status (System Information); emscli execute upgrade ems --local.file <INSTALLER_FILE>
Core: EMS platform,"EMS FIPS mode (OpenSSL FIPS mode, set at installation)",EMS 8.0 (release not stated),UEM-S SRG-APP-000514-UEM-000389; UEM-S SRG-APP-000555-UEM-000393; UEM-S SRG-APP-000179-UEM-000110; UEM-S SRG-APP-000412-UEM-000283,Install with the enable_fips installation parameter; emscli system get info fips
Core: EMS platform,"Required services and ports, and the EMS host firewall",EMS 7.0.0 or earlier,UEM-S SRG-APP-000142-UEM-000080; UEM-S SRG-APP-000383-UEM-000254,emscli execute enable-firewall; emscli system set firewall deny --adapter <ADAPTER> --service <SERVICE>
Core: EMS platform,"Remote HTTPS access to the EMS console, allowed hosts, and HTTP-to-HTTPS redirect",EMS 7.0.0 or earlier,UEM-S SRG-APP-000191-UEM-000118; UEM-S SRG-APP-000412-UEM-000283; UEM-S SRG-APP-000439-UEM-000313,"GUI: System Settings > EMS Settings (Remote HTTPS Access: on, Redirect HTTP Request to HTTPS: on); emscli config set console --allowed.hosts <HOST_LIST>"
Core: EMS platform,TLS 1.0 and 1.1 for EMS file downloads,EMS 7.0.0 or earlier,UEM-S SRG-APP-000014-UEM-000009,GUI: System Settings > EMS Settings (Enable TLS 1.0/1.1: off)
Core: EMS platform,"EMS server certificates (web server, endpoint control, and Chromebook services)",EMS 7.0.0 or earlier,UEM-S SRG-APP-000427-UEM-000298; UEM-S SRG-APP-000191-UEM-000119; UEM-S SRG-APP-000605-UEM-000401,"GUI: System Settings > EMS Server Certificates; GUI: System Settings > EMS Settings (Webserver Certificate, Endpoint Control Certificate) (certificates from a DoD-approved CA)"
Core: EMS platform,EMS database backup and restore,EMS 7.0.0 or earlier,UEM-S SRG-APP-000125-UEM-000074,emscli execute backup --remote.file <FILE> --remote.ip <HOST> --remote.user <USER> --compress.type zip --backup.password <PASSWORD>
Core: EMS platform,Time stamps from the EMS host clock,EMS 7.0.0 or earlier,UEM-S SRG-APP-000116-UEM-000067; UEM-S SRG-APP-000374-UEM-000244,emscli execute time synch (synchronize the host with DoD-approved time sources)
Core: EMS platform,Feature Select (features shown in EMS and enabled on endpoints),EMS 7.0.0 or earlier,UEM-S SRG-APP-000141-UEM-000079; UEM-S SRG-APP-000383-UEM-000254,GUI: System Settings > Feature Select; emscli feature set --disable --name <FEATURE>
Core: EMS platform,SNMP traps from EMS (community string),EMS 8.0 (release not stated),"No direct requirement; if unused, disable (UEM-S SRG-APP-000141-UEM-000079)",emscli config get snmp (leave SNMP traps disabled)
Core: EMS platform,Multitenancy (multiple customer sites),EMS 7.0.0 or earlier,"No direct requirement; if unused, disable (UEM-S SRG-APP-000141-UEM-000079)",GUI: System Settings > EMS Settings (Manage Multiple Customer Sites: off)
Core: EMS platform,Chromebook management (Google domains and the Web Filter extension),EMS 7.0.0 or earlier,"No direct requirement; if unused, disable (UEM-S SRG-APP-000141-UEM-000079)",GUI: System Settings > Feature Select
Core: EMS administration,"Administrator accounts: built-in admin, EMS local, Windows, and LDAP administrators, with trusted hosts",EMS 7.0.0 or earlier,UEM-S SRG-APP-000148-UEM-000082; UEM-S SRG-APP-000151-UEM-000085; UEM-S SRG-APP-000329-UEM-000202,GUI: Administration > Admin Users (Restrict Login to Trusted Hosts: on) (keep the built-in admin as the account of last resort)
Core: EMS administration,"Administrator roles (super, standard, endpoint, read-only, restricted, and custom roles)",EMS 7.0.0 or earlier,UEM-S SRG-APP-000380-UEM-000251; UEM-S SRG-APP-000133-UEM-000078; UEM-S SRG-APP-000090-UEM-000051,GUI: Administration > Admin Roles
Core: EMS administration,"Session expiry, disabling of inactive administrator accounts, and password age",EMS 7.0.0 or earlier,UEM-S SRG-APP-000295-UEM-000169; UEM-S SRG-APP-000003-UEM-000003; UEM-S SRG-APP-000025-UEM-000014; UEM-S SRG-APP-000174-UEM-000104,"GUI: Administration > Admin User Settings (Expire login session after x minutes: 15, Disable administrators' accounts when inactive for x days: 35, Change password after x days: 180)"
Core: EMS administration,Administrator lockout after failed logons,EMS 8.0 (release not stated),UEM-S SRG-APP-000065-UEM-000036; UEM-S SRG-APP-000345-UEM-000218,"GUI: System Settings > EMS Settings (Admin Lockout Attempt: 3, Admin Lockout Period)"
Core: EMS administration,Login banner before EMS logon,EMS 7.0.0 or earlier,UEM-S SRG-APP-000068-UEM-000037; UEM-S SRG-APP-000069-UEM-000038,GUI: System Settings > EMS Settings (Enable login banner: on) (enter the Standard Mandatory DoD Notice and Consent Banner)
Core: EMS administration,Local administrator passwords,EMS 7.0.0 or earlier,UEM-S SRG-APP-000164-UEM-000094; UEM-S SRG-APP-000166-UEM-000096; UEM-S SRG-APP-000165-UEM-000095; UEM-S SRG-APP-000170-UEM-000100; UEM-S SRG-APP-000171-UEM-000101,"— (no password length, complexity, or history setting is documented; use directory accounts)"
Core: EMS administration,Administrator authentication through Active Directory (LDAP or LDAPS),EMS 7.0.0 or earlier,UEM-S SRG-APP-000023-UEM-000012; UEM-S SRG-APP-000148-UEM-000082; UEM-S SRG-APP-000191-UEM-000117,"GUI: Administration > Authentication Servers (LDAPS connection: on, Certificate hostname check: on)"
Core: EMS administration,"SAML single sign-on for administrators (FortiAuthenticator, FortiGate, Entra ID, Okta, AD FS)",EMS 7.0.0 or earlier,UEM-S SRG-APP-000149-UEM-000083; UEM-S SRG-APP-000154-UEM-000088; UEM-S SRG-APP-000177-UEM-000108,GUI: Administration > SAML SSO (use an identity provider that enforces CAC)
Core: EMS administration,Fabric devices: FortiGate connections authorized by EMS,EMS 7.0.0 or earlier,UEM-S SRG-APP-000191-UEM-000117; UEM-S SRG-APP-000580-UEM-000398,GUI: Fabric & Connectors > Fabric Devices (authorize only known FortiGates)
Core: EMS logging,"EMS logs: log level and automatic clearing of logs, alerts, and events",EMS 7.0.0 or earlier,UEM-S SRG-APP-000089-UEM-000049; UEM-S SRG-APP-000090-UEM-000051; UEM-S SRG-APP-000120-UEM-000070,"GUI: System Settings > Logs (Log level: Info, Automatically clear logs older than)"
Core: EMS logging,Log Viewer,EMS 7.0.0 or earlier,UEM-S SRG-APP-000516-UEM-000392; UEM-S SRG-APP-000089-UEM-000050; UEM-S SRG-APP-000118-UEM-000068,GUI: Administration > Log Viewer
Core: EMS logging,"EMS alerts by email, and the SMTP server",EMS 7.0.0 or earlier,UEM-S SRG-APP-000474-UEM-000349; UEM-S SRG-APP-000108-UEM-000062; UEM-S SRG-APP-000191-UEM-000117,GUI: System Settings > EMS Alerts; GUI: System Settings > SMTP Server (Security: SMTPS)
Core: EMS logging,"Endpoint alerts (malware, vulnerabilities, out-of-date signatures and software, Telemetry disconnected by the user)",EMS 7.0.0 or earlier,UEM-A SRG-APP-000089-UEM-100002; UEM-S SRG-APP-000474-UEM-000349,GUI: System Settings > Endpoint Alerts
Core: Endpoint management,FortiClient Telemetry: endpoint control connection to EMS over TLS (port 8013) with a connection key,FortiClient and EMS 7.0.0 or earlier,UEM-S SRG-APP-000191-UEM-000119; UEM-S SRG-APP-000395-UEM-000266; UEM-S SRG-APP-000580-UEM-000398; UEM-S SRG-APP-000439-UEM-000313; UEM-A SRG-APP-000516-UEM-100010,GUI: System Settings > EMS Settings (FortiClient Telemetry Connection Key) (endpoints register with the EMS FQDN)
Core: Endpoint management,Disconnect lock: Require Password to Disconnect from EMS (with silent registration and disable unregister),FortiClient and EMS 7.0.0 or earlier,UEM-A SRG-APP-000516-UEM-100011; UEM-A SRG-APP-000516-UEM-100010,GUI: Endpoint Profiles > System Settings (Require Password to Disconnect from EMS: on); XML: endpoint_control/disable_unregister=1
Core: Endpoint management,"Action on an invalid EMS certificate (allow, warn, or deny)",FortiClient 8.0 (release not stated),UEM-A SRG-APP-000175-UEM-100008; UEM-A SRG-APP-000516-UEM-100006; UEM-S SRG-APP-000395-UEM-000266,XML: endpoint_control/invalid_cert_action=deny
Core: Endpoint management,Keep-alive interval and offline timeout of endpoints,EMS 7.0.0 or earlier,UEM-S SRG-APP-000472-UEM-000347,"GUI: System Settings > EMS Settings (Keep Alive Interval, Offline Timeout)"
Core: Endpoint management,Endpoint policies and profiles assigned to endpoint groups,EMS 7.0.0 or earlier,UEM-S SRG-APP-000427-UEM-000500; UEM-S SRG-APP-000427-UEM-000501; UEM-S SRG-APP-000427-UEM-000502; UEM-A SRG-APP-000427-UEM-100007; UEM-A SRG-APP-000089-UEM-100004,GUI: Endpoint Policy & Components > Manage Policies; GUI: Endpoint Profiles > Manage Profiles
Core: Endpoint management,"Endpoint list, status, and actions (quarantine, block, deregister, scan, upload logs)",EMS 7.0.0 or earlier,UEM-S SRG-APP-000472-UEM-000347; VPN SRG-NET-000314-VPN-001060,GUI: Endpoints > All Endpoints
Core: Endpoint management,Software inventory of endpoints,EMS 7.0.0 or earlier,UEM-S SRG-APP-000472-UEM-000347,GUI: Software Inventory > Applications
Core: Endpoint management,FortiClient installers and deployment to endpoints,EMS 7.0.0 or earlier,UEM-S SRG-APP-000378-UEM-000248; UEM-S SRG-APP-000456-UEM-000330,GUI: Deployment & Installers > Manage Deployment; GUI: Deployment & Installers > FortiClient Installer
Core: Endpoint management,Code signing of Windows installers (Sign Software Packages),EMS 7.0.0 or earlier,UEM-S SRG-APP-000427-UEM-000299; UEM-S SRG-APP-000427-UEM-000300; UEM-S SRG-APP-000131-UEM-000076,GUI: System Settings > EMS Settings (Sign Software Packages: on)
Core: Endpoint management,CA certificates installed on endpoints,EMS 7.0.0 or earlier,UEM-A SRG-APP-000427-UEM-100009; UEM-S SRG-APP-000427-UEM-000298,GUI: Endpoint Policy & Components > CA Certificates; GUI: Endpoint Profiles > System Settings (Install CA Certificate on Client: on)
Core: Endpoint management,Security posture (Zero Trust) tagging rules,EMS 7.0.0 or earlier,UEM-S SRG-APP-000378-UEM-000249,GUI: Security Posture Tags > Security Posture Tagging Rules
Core: Endpoint management,On-fabric detection rules (separate on-fabric and off-fabric profiles),EMS 7.0.0 or earlier,"No direct requirement; if unused, disable (UEM-S SRG-APP-000141-UEM-000079)",GUI: Endpoint Policy & Components > On-fabric Detection Rules
Core: Endpoint management,Quarantine management of files and allowlist,EMS 7.0.0 or earlier,"No direct requirement; if unused, disable (UEM-S SRG-APP-000141-UEM-000079)",GUI: Quarantine Management > Files
Core: FortiClient logging,FortiClient local logs: level and logged features,FortiClient 7.0.0 or earlier,UEM-A SRG-APP-000089-UEM-100004; UEM-A SRG-APP-000097-UEM-100005; UEM-A SRG-APP-000089-UEM-100012,"GUI: Endpoint Profiles > System Settings (Level: Info, Features); XML: system/log_settings/level=6"
Core: FortiClient logging,"FortiClient log upload to FortiAnalyzer or syslog, with OS events and software inventory",FortiClient 7.0.0 or earlier,UEM-A SRG-APP-000358-UEM-100013; UEM-A SRG-APP-000358-UEM-100003; UEM-S SRG-APP-000358-UEM-000228; UEM-S SRG-APP-000515-UEM-000390; VPN SRG-NET-000334-VPN-001260,"GUI: Endpoint Profiles > System Settings (Upload Logs to FortiAnalyzer/FortiManager: on, SSL Enabled: on, Send OS Events: on); XML: system/log_settings/remote_logging/log_upload_ssl_enabled=1"
Core: FortiClient agent,Signature and engine updates from FortiGuard or FortiManager,EMS 7.0.0 or earlier,UEM-S SRG-APP-000456-UEM-000330; UEM-S SRG-APP-000439-UEM-000313,GUI: System Settings > FortiGuard Services (Enable SSL: on); GUI: Endpoint Profiles > System Settings (FortiGuard Server Location)
Core: Remote access,Provisioned SSL VPN and IPsec VPN tunnels (Remote Access profile),FortiClient 7.0.0 or earlier,VPN SRG-NET-000371-VPN-001650; VPN SRG-NET-000510-VPN-002170; VPN SRG-NET-000138-VPN-000490,GUI: Endpoint Profiles > Remote Access
Core: Remote access,Personal VPN connections created by the user,FortiClient 7.0.0 or earlier,VPN SRG-NET-000132-VPN-000450; VPN SRG-NET-000019-VPN-000040,GUI: Endpoint Profiles > Remote Access (Allow Personal VPN: off); XML: vpn/options/allow_personal_vpns=0
Core: Remote access,VPN gateway certificate validation,FortiClient 7.0.0 or earlier,VPN SRG-NET-000580-VPN-002410; VPN SRG-NET-000164-VPN-000560; VPN SRG-NET-000355-VPN-002433,GUI: Endpoint Profiles > Remote Access (Do Not Accept Invalid Server Certificate: on); XML: vpn/sslvpn/options/disallow_invalid_server_certificate=1; XML: vpn/ipsecvpn/options/disallow_invalid_server_certificate=1
Core: Remote access,VPN disclaimer message the user must accept,FortiClient 7.0.0 or earlier,VPN SRG-NET-000041-VPN-000110; VPN SRG-NET-000042-VPN-000120,GUI: Endpoint Profiles > Remote Access (Disclaimer Message); XML: vpn/ipsecvpn/connections/connection/disclaimer_msg=<DOD_NOTICE>
Core: Remote access,Certificate and smart card (CAC) authentication for VPN,FortiClient 7.0.0 or earlier,VPN SRG-NET-000341-VPN-001350; VPN SRG-NET-000342-VPN-001360; VPN SRG-NET-000140-VPN-000500; VPN SRG-NET-000145-VPN-000510; VPN SRG-NET-000166-VPN-000590; UEM-A SRG-APP-000176-UEM-100001,GUI: Endpoint Profiles > Remote Access (Use Smart Card Certificates: on); XML: vpn/ipsecvpn/options/usesmcardcert=1; XML: vpn/ipsecvpn/connections/connection/ike_settings/authentication_method=Smartcard X509 Certificate
Core: Remote access,"IPsec VPN phase 1: IKE version, DH groups, proposals, and key life",FortiClient 7.0.0 or earlier,VPN SRG-NET-000512-VPN-002220; VPN SRG-NET-000132-VPN-000460; VPN SRG-NET-000074-VPN-000250; VPN SRG-NET-000317-VPN-001090; VPN SRG-NET-000230-VPN-000780; VPN SRG-NET-000337-VPN-001300,"GUI: Endpoint Profiles > Remote Access (DH Groups, Key Life); XML: vpn/ipsecvpn/connections/connection/ike_settings/version=2; XML: vpn/ipsecvpn/connections/connection/ike_settings/dhgroup=<DH_GROUPS>; XML: vpn/ipsecvpn/connections/connection/ike_settings/proposals/proposal=<PROPOSAL> (AES256 with SHA384, DH group 16 or higher, key life 28800 seconds or less)"
Core: Remote access,"IPsec VPN phase 2: proposals, PFS, replay detection, and key life",FortiClient 7.0.0 or earlier,VPN SRG-NET-000525-VPN-002330; VPN SRG-NET-000063-VPN-000220; VPN SRG-NET-000371-VPN-001640; VPN SRG-NET-000147-VPN-000530; VPN SRG-NET-000337-VPN-001290,"GUI: Endpoint Profiles > Remote Access (Enable Replay Detection: on, Enable Perfect Forward Secrecy (PFS): on); XML: vpn/ipsecvpn/connections/connection/ipsec_settings/pfs=1; XML: vpn/ipsecvpn/connections/connection/ipsec_settings/replay_detection=1; XML: vpn/ipsecvpn/connections/connection/ipsec_settings/key_life_seconds=<SECONDS>"
Core: Remote access,"Split tunnel and negative split tunnel (network exclusion, application based)",FortiClient 7.0.0 or earlier,VPN SRG-NET-000369-VPN-001620,"GUI: Endpoint Profiles > Remote Access (Split Tunnel) (leave unset, and disable split tunneling on the FortiGate)"
Core: Remote access,"VPN autoconnect, always up, and VPN before logon",FortiClient 7.0.0 or earlier,VPN SRG-NET-000230-VPN-002436,GUI: Endpoint Profiles > Remote Access (Show VPN before Logon: on); XML: vpn/options/autoconnect_tunnel=<TUNNEL_NAME>
Core: Remote access,Disconnect IPsec VPN when the user logs off,FortiClient 7.0.0 or earlier,VPN SRG-NET-000518-VPN-002280; VPN SRG-NET-000213-VPN-000720,XML: vpn/ipsecvpn/options/disconnect_on_log_off=1
Core: Remote access,Block IPv6 traffic outside the IPsec VPN interface,FortiClient 7.0.0 or earlier,VPN SRG-NET-000371-VPN-001650,XML: vpn/ipsecvpn/options/block_ipv6=1
Core: Remote access,Saved VPN passwords,FortiClient 8.0 (release not stated),"No direct requirement; if unused, disable (UEM-S SRG-APP-000141-UEM-000079)",XML: vpn/ipsecvpn/connections/connection/ui/save_password=0
Core: Endpoint protection,"Malware Protection: antivirus real-time protection and scans, anti-exploit, cloud-based malware detection",FortiClient 7.0.0 or earlier,"No direct requirement; if unused, disable (UEM-S SRG-APP-000141-UEM-000079)",GUI: Endpoint Profiles > Malware Protection
Core: Endpoint protection,Removable media access control,FortiClient 7.0.0 or earlier,"No direct requirement; if unused, disable (UEM-S SRG-APP-000141-UEM-000079)",GUI: Endpoint Profiles > Malware Protection (Removable Media Access)
Core: Endpoint protection,Sandbox detection (FortiSandbox),FortiClient 7.0.0 or earlier,"No direct requirement; if unused, disable (UEM-S SRG-APP-000141-UEM-000079)",GUI: Endpoint Profiles > Sandbox
Core: Endpoint protection,Web Filter,FortiClient 7.0.0 or earlier,"No direct requirement; if unused, disable (UEM-S SRG-APP-000141-UEM-000079)",GUI: Endpoint Profiles > Web Filter
Core: Endpoint protection,Application Firewall,FortiClient 7.0.0 or earlier,"No direct requirement; if unused, disable (UEM-S SRG-APP-000141-UEM-000079)",GUI: Endpoint Profiles > Firewall
Core: Endpoint protection,Vulnerability Scan of endpoints,FortiClient 7.0.0 or earlier,UEM-S SRG-APP-000472-UEM-000347,GUI: Endpoint Profiles > Vulnerability Scan; GUI: Dashboard > Vulnerability Scan
Core: Endpoint protection,Single Sign-On Mobility Agent (SSOMA) for FortiAuthenticator,FortiClient 7.0.0 or earlier,"No direct requirement; if unused, disable (UEM-S SRG-APP-000141-UEM-000079)",GUI: Endpoint Profiles > System Settings (FortiClient Single Sign-On Mobility Agent: off)
Core: Endpoint protection,Usage statistics sent to Fortinet from endpoints,FortiClient 7.0.0 or earlier,"No direct requirement; if unused, disable (UEM-S SRG-APP-000141-UEM-000079)",GUI: Endpoint Profiles > System Settings (Send Usage Statistics to Fortinet: off)
Core: ZTNA,ZTNA connection rules and ZTNA destinations (TCP forwarding through the FortiGate ZTNA access proxy),FortiClient and EMS 7.0.0 or earlier,VPN SRG-NET-000343-VPN-001370; VPN SRG-NET-000371-VPN-001650,GUI: Endpoint Profiles > ZTNA Destinations
Remote access,SSL VPN security improvements: the Do Not Warn Invalid Server Certificate option removed and off by default,FortiClient 7.0.0 and later,VPN SRG-NET-000580-VPN-002410; VPN SRG-NET-000164-VPN-000560,GUI: Endpoint Profiles > Remote Access (Do Not Accept Invalid Server Certificate: on)
User verification,Sending invitation emails to endpoint users,EMS 7.0.0 and later,"No direct requirement; if unused, disable (UEM-S SRG-APP-000141-UEM-000079)",GUI: User Management > Invitations
Endpoint management,"FortiClient license and EMS communication enhancements: prohibit users from shutting down FortiClient, locally stored license expiry",EMS 7.0.0 and later,UEM-A SRG-APP-000516-UEM-100011,GUI: Endpoint Profiles > System Settings (Allow User to Shutdown When Registered to EMS: off); XML: system/ui/allow_shutdown_when_registered=0
ZTNA,Improved TCP forwarding performance,FortiClient 7.0.1 and later,"No direct requirement; if unused, disable (UEM-S SRG-APP-000141-UEM-000079)",—
Remote access,"Dual stack IPv4 and IPv6 for SSL VPN, and on FortiClient (Linux)",FortiClient 7.0.1+; FortiClient 7.2.5+,"No direct requirement; if unused, disable (UEM-S SRG-APP-000141-UEM-000079)",—
Remote access,SAML authentication for SSL VPN (browser as external user agent) and IPsec VPN,FortiClient 7.0.1+; FortiClient 7.2.4+,VPN SRG-NET-000140-VPN-000500; VPN SRG-NET-000166-VPN-000580; VPN SRG-NET-000145-VPN-000510,GUI: Endpoint Profiles > Remote Access (use an identity provider that enforces CAC)
ZTNA,EMS distributes FortiGate SSL deep inspection CA certificates,EMS 7.0.1 and later,UEM-A SRG-APP-000427-UEM-100009,GUI: Endpoint Policy & Components > CA Certificates
Security posture tags,"Zero Trust tagging rule enhancements: vulnerability severity, OS comparators, macOS 14, FortiClient version, wildcard certificate subject CN",EMS 7.0.1+; FortiClient 7.2.2+,UEM-S SRG-APP-000378-UEM-000249,GUI: Security Posture Tags > Security Posture Tagging Rules
ZTNA,"ZTNA TCP forwarding rules provisioned by EMS, and FQDN-based forwarding services",EMS 7.0.1+; FortiClient 7.0.3+,VPN SRG-NET-000343-VPN-001370; VPN SRG-NET-000371-VPN-001650,GUI: Endpoint Profiles > ZTNA Destinations
FortiGuard services,"FortiGuard Outbreak Alerts service, and tagging of endpoints with specific vulnerabilities",EMS 7.0.1 and later,UEM-S SRG-APP-000474-UEM-000349; UEM-S SRG-APP-000378-UEM-000249,GUI: FortiGuard Outbreak Alerts
EMS logging,"Diagnostic tool (EMS debug logs, optional database backup)",EMS 7.0.1 and later,UEM-S SRG-APP-000226-UEM-000137,GUI: Administration > Generate Diagnostic Logs
Chromebook,FortiClient Cloud Chromebook support,EMS 7.0.1 and later,"No direct requirement; if unused, disable (UEM-S SRG-APP-000141-UEM-000079)",GUI: System Settings > Feature Select
Endpoint protection,"Anti-ransomware file backup and restoration, and FDS updates of its behavior rules",FortiClient 7.0.2 and later,"No direct requirement; if unused, disable (UEM-S SRG-APP-000141-UEM-000079)",GUI: Endpoint Profiles > Malware Protection (Anti-Ransomware)
FortiClient logging,"Logging to FortiAnalyzer Cloud, its configuration improvements, and the FortiAnalyzer Cloud entitlement for FortiClient Cloud",FortiClient 7.0.3+; FortiClient 7.2.0+; EMS 7.4.3+; FortiClient 7.4.3+,UEM-A SRG-APP-000358-UEM-100013; UEM-S SRG-APP-000358-UEM-000228,GUI: Endpoint Profiles > System Settings (Upload Logs to FortiAnalyzer/FortiManager: on)
ZTNA,Browser as external user agent for ZTNA user authentication,FortiClient 7.0.3 and later,"No direct requirement; if unused, disable (UEM-S SRG-APP-000141-UEM-000079)",—
Remote access,FortiGate-powered host check for the free VPN client,FortiClient 7.0.3 and later,"No direct requirement; if unused, disable (UEM-S SRG-APP-000141-UEM-000079)",—
Security posture tags,Tag management and visibility; Zero Trust tags renamed security posture tags; security posture tag enhancements,EMS 7.0.3+; FortiClient 7.4.0+; EMS 7.4.3+,UEM-S SRG-APP-000378-UEM-000249,GUI: Security Posture Tags > Tag Monitor
Endpoint management,"Separate endpoint profiles (Remote Access, ZTNA, Web Filter, and other profile types)",EMS 7.0.3 and later,UEM-S SRG-APP-000380-UEM-000251,GUI: Endpoint Profiles > Manage Profiles
EMS administration,Certificate provisioning for Active Directory LDAPS connections,EMS 7.0.3 and later,UEM-S SRG-APP-000191-UEM-000117,"GUI: Administration > Authentication Servers (LDAPS connection: on, Certificate)"
EMS platform,"Redundancy using SQL Server, and Azure SQL managed instance support",EMS 7.0.3+; EMS 7.2.0+,"No direct requirement; if unused, disable (UEM-S SRG-APP-000141-UEM-000079)",—
User verification,"Individual onboarding, authentication server configuration for onboarding, and group assignment by invitation code",EMS 7.0.6+; EMS 7.2.0+,UEM-S SRG-APP-000148-UEM-000082; UEM-A SRG-APP-000516-UEM-100010,"GUI: System Settings > EMS Settings (Enforce User Verification: Enable, Onboarding Lockout Attempt: 3)"
Licensing,"User-based licensing, FortiFlex support, and removal of legacy license SKUs",EMS 7.0.6+; EMS 7.2.2+; EMS 7.4.0+,"No direct requirement; if unused, disable (UEM-S SRG-APP-000141-UEM-000079)",—
Forensics,"FortiGuard Forensics service (on-premise EMS, macOS reports, on-demand artifact collection) and the forensics agent in FortiClient (Windows)",EMS 7.0.6+; EMS 7.2.2+; FortiClient 7.2.2+; EMS 7.4.1+,"No direct requirement; if unused, disable (UEM-S SRG-APP-000141-UEM-000079)",GUI: System Settings > Feature Select
ZTNA,ZTNA certificate serial number mismatch handling,FortiClient 7.0.7 and later,VPN SRG-NET-000343-VPN-001370,—
Remote access,"Autoconnect with Microsoft Entra ID (Azure AD) logon: SSL VPN, IPsec VPN, and ZTNA automatic login",FortiClient 7.0.7+; FortiClient 7.2.3+; FortiClient 7.4.3+,VPN SRG-NET-000230-VPN-002436,GUI: Endpoint Profiles > Remote Access
ZTNA,Wildcard support for ZTNA FQDN rules,FortiClient 7.2.0 and later,"No direct requirement; if unused, disable (UEM-S SRG-APP-000141-UEM-000079)",—
ZTNA,"FortiGate ZTNA service portal support, and GUI for ZTNA portals and SaaS applications in ZTNA Destination profiles",FortiClient 7.2.0+; EMS 7.2.1+,"No direct requirement; if unused, disable (UEM-S SRG-APP-000141-UEM-000079)",GUI: Endpoint Profiles > ZTNA Destinations
ZTNA,Inline CASB solution for SaaS applications,FortiClient 7.2.0 and later,"No direct requirement; if unused, disable (UEM-S SRG-APP-000141-UEM-000079)",—
FortiPAM,"FortiPAM integration: privileged access agent, client executable integrity check, and admin session recording",FortiClient 7.2.0 and later,"No direct requirement; if unused, disable (UEM-S SRG-APP-000141-UEM-000079)",GUI: Endpoint Profiles > System Settings (Privileged Access Agent: off)
Security posture tags,"FortiEDR, FortiSIEM, and Fabric connector tags for security posture checks",FortiClient 7.2.0+; EMS 7.2.5+,UEM-S SRG-APP-000378-UEM-000249,GUI: Security Posture Tags > Security Posture Tagging Rules
Remote access,"Closest gateway selection for VPN, and closest PoP for IPsec VPN using GeoDNS",FortiClient 7.2.0+; FortiClient 8.0.0+,"No direct requirement; if unused, disable (UEM-S SRG-APP-000141-UEM-000079)",—
Remote access,VPN autoconnect and always up logic improvement,FortiClient 7.2.0 and later,VPN SRG-NET-000230-VPN-002436,GUI: Endpoint Profiles > Remote Access
Remote access,Load-balanced SSL VPN and IPsec VPN gateways with one FQDN,FortiClient 7.2.0+; FortiClient 7.4.3+,"No direct requirement; if unused, disable (UEM-S SRG-APP-000141-UEM-000079)",—
EMS platform,Improved certificate UX,EMS 7.2.0 and later,UEM-S SRG-APP-000427-UEM-000298,GUI: System Settings > EMS Server Certificates
Security posture tags,"ZTNA AD group lookup rule improvement, and DWORD and string values in registry key tagging rules",EMS 7.2.0 and later,UEM-S SRG-APP-000378-UEM-000249,GUI: Security Posture Tags > Security Posture Tagging Rules
EMS administration,AD connector (proxy between EMS and the AD server),EMS 7.2.0 and later,UEM-S SRG-APP-000191-UEM-000117,GUI: Administration > Authentication Servers (Use Connector)
Endpoint management,Initial FortiClient deployment changes,EMS 7.2.0 and later,UEM-S SRG-APP-000378-UEM-000248,GUI: Deployment & Installers > Manage Deployment
Web Filter,"Web Filter and Video Filter changes: Linux support, Video Filter profile, ISDB queries, scheduling, remote categories, Referrer Host, search keyword scanning",FortiClient 7.2.1+; EMS 7.4.3+; FortiClient 7.4.3+; EMS 8.0.0+,"No direct requirement; if unused, disable (UEM-S SRG-APP-000141-UEM-000079)",GUI: Endpoint Profiles > Web Filter
Endpoint management,FortiClient agent upgrade improvements and transparent FortiClient upgrade,FortiClient 7.2.1+; FortiClient 7.4.0+,UEM-S SRG-APP-000456-UEM-000330; UEM-S SRG-APP-000378-UEM-000248,GUI: Deployment & Installers > Manage Deployment
SSOMA,SSOMA improvements and FSSOMA connectivity status,FortiClient 7.2.1+; FortiClient 7.4.4+,"No direct requirement; if unused, disable (UEM-S SRG-APP-000141-UEM-000079)",GUI: Endpoint Profiles > System Settings (FortiClient Single Sign-On Mobility Agent: off)
Remote access,"Network lockdown for off-fabric endpoints (SSL VPN, then IPsec VPN with hotel mode)",FortiClient 7.2.1 and later,VPN SRG-NET-000230-VPN-002436; VPN SRG-NET-000019-VPN-000040,GUI: Endpoint Profiles > Remote Access (Network Lockdown: on)
Remote access,"IPsec VPN connection only when FortiClient is connected to EMS, with the EMS serial number in FortiOS logs",FortiClient 7.2.1 and later,VPN SRG-NET-000343-VPN-001370; VPN SRG-NET-000148-VPN-000540,— (enable vpn-ems-sn-check on the FortiGate)
Remote access,Certificate path configuration for automated certificate selection,FortiClient 7.2.1 and later,VPN SRG-NET-000166-VPN-000590,GUI: Endpoint Profiles > Remote Access
Fabric connectors,"FortiGate per-VDOM connection, Fabric Devices enhancements, and token (OAuth 2.0) authentication of Fabric connectors",EMS 7.2.1+; EMS 7.4.1+,UEM-S SRG-APP-000191-UEM-000117; UEM-S SRG-APP-000580-UEM-000398,GUI: Fabric & Connectors > Fabric Devices
EMS administration,Entra ID integration (Entra ID authentication server),EMS 7.2.1 and later,UEM-S SRG-APP-000023-UEM-000012,GUI: Administration > Authentication Servers
Endpoint management,Send endpoints a one-way message,EMS 7.2.1 and later,"No direct requirement; if unused, disable (UEM-S SRG-APP-000141-UEM-000079)",—
MDM,"MDM integration for mobile ZTNA certificates: Jamf, Intune, Workspace ONE, ManageEngine, with EMS HA and multitenancy",EMS 7.2.1+; EMS 7.4.0+,"No direct requirement; if unused, disable (UEM-S SRG-APP-000141-UEM-000079)",GUI: System Settings > MDM Integration
Endpoint management,FortiClient and EMS persistent connection,EMS 7.2.1 and later,UEM-S SRG-APP-000191-UEM-000119,GUI: System Settings > EMS Settings (Use Persistent Connections)
Endpoint management,Administrator can uninstall FortiClient without the disconnect password,EMS 7.2.1 and later,UEM-A SRG-APP-000516-UEM-100011,GUI: Endpoint Profiles > System Settings (Allow endpoint admin to disconnect without a password: off)
EMS administration,SAML SSO enhancements for administrator logon,EMS 7.2.1 and later,UEM-S SRG-APP-000149-UEM-000083,GUI: Administration > SAML SSO
Remote access,Encryption recommended by the NCSC: AES-GCM and PRF algorithms for IPsec VPN proposals,FortiClient 7.2.2 and later,VPN SRG-NET-000525-VPN-002330; VPN SRG-NET-000230-VPN-000780; VPN SRG-NET-000510-VPN-002170,"GUI: Endpoint Profiles > Remote Access (Encryption, Authentication)"
Remote access,"SSL VPN DTLS and split DNS on macOS and Linux, split DNS for IPsec VPN, and DNS resilience with the Windows NRPT",FortiClient 7.2.2+; FortiClient 7.4.8+; FortiClient 8.0.0+,"No direct requirement; if unused, disable (UEM-S SRG-APP-000141-UEM-000079)",—
Endpoint protection,"PUA detection, and vulnerability scan on new software or PUA detection",EMS 7.2.2+; EMS 7.4.5+,UEM-S SRG-APP-000472-UEM-000347,GUI: Dashboard > Vulnerability Scan
Endpoint management,Export endpoint information,EMS 7.2.2 and later,"No direct requirement; if unused, disable (UEM-S SRG-APP-000141-UEM-000079)",—
EMS administration,Password recovery for EMS administrators (PasswordRecovery tool),EMS 7.2.2 and later,UEM-S SRG-APP-000151-UEM-000085,— (restrict root access to the EMS host)
EMS logging,Fortinet email server for sending alerts,EMS 7.2.2 and later,"No direct requirement; if unused, disable (UEM-S SRG-APP-000141-UEM-000079)",GUI: System Settings > SMTP Server
Endpoint protection,Exceptions for the Firewall Detect & Block Exploits feature,EMS 7.2.2 and later,"No direct requirement; if unused, disable (UEM-S SRG-APP-000141-UEM-000079)",GUI: Endpoint Profiles > Firewall
Remote access,Secure remote access compliance enforcement: allow or deny VPN by security posture tag,FortiClient 7.2.3+; FortiClient 7.4.3+,UEM-S SRG-APP-000378-UEM-000249; VPN SRG-NET-000343-VPN-001370,XML: vpn/options/secure_remote_access=1
Remote access,"IKEv2 for FortiClient (macOS), IKEv2 on multiple protocols, and LDAP for IPsec IKEv2 VPN",FortiClient 7.2.3+; FortiClient 7.4.1+,VPN SRG-NET-000132-VPN-000460,XML: vpn/ipsecvpn/connections/connection/ike_settings/version=2
Remote access,IPsec VPN and ZTNA prioritized over SSL VPN; SSL VPN option hidden in EMS by default,FortiClient 7.2.3+; EMS 7.4.6+,VPN SRG-NET-000132-VPN-000450,emscli feature get --name <FEATURE> (keep the sslvpn feature disabled)
Endpoint management,Managing 3000 profiles and policies,EMS 7.2.3 and later,"No direct requirement; if unused, disable (UEM-S SRG-APP-000141-UEM-000079)",—
Remote access,IPsec VPN through FortiADC,FortiClient 7.2.4 and later,"No direct requirement; if unused, disable (UEM-S SRG-APP-000141-UEM-000079)",—
Remote access,Source IP address anchoring for IPsec VPN (public IP in on-fabric detection rules),FortiClient 7.2.4 and later,VPN SRG-NET-000019-VPN-002435,GUI: Endpoint Policy & Components > On-fabric Detection Rules
EMS logging,Sending EMS system log messages to FortiAnalyzer,EMS 7.2.4 and later,UEM-S SRG-APP-000358-UEM-000228; UEM-S SRG-APP-000515-UEM-000390; UEM-S SRG-APP-000125-UEM-000074,GUI: System Settings > Logs (Send system log messages externally: FortiAnalyzer)
Remote access,IPsec VPN with FortiToken Mobile push MFA,FortiClient 7.2.5 and later,VPN SRG-NET-000140-VPN-000500; VPN SRG-NET-000145-VPN-000510,— (configured on the FortiGate)
Remote access,SAML authentication for VPN before logon,FortiClient 7.2.5 and later,VPN SRG-NET-000230-VPN-002436; VPN SRG-NET-000140-VPN-000500,GUI: Endpoint Profiles > Remote Access (Show VPN before Logon: on)
ZTNA,"ZTNA application catalog, and auto-detected FortiGate non-web ZTNA applications",EMS 7.2.5+; EMS 7.4.1+,"No direct requirement; if unused, disable (UEM-S SRG-APP-000141-UEM-000079)",GUI: Fabric & Connectors > ZTNA Applications Catalog
EMS platform,Post-installation setup wizard,EMS 7.2.5+; EMS 7.4.3+,"No direct requirement; if unused, disable (UEM-S SRG-APP-000141-UEM-000079)",—
EMS platform,Automatic upgrade of EMS to the latest patch release,EMS 7.2.5+; EMS 7.4.1+,UEM-S SRG-APP-000456-UEM-000330; UEM-S SRG-APP-000380-UEM-000251,GUI: System Settings > EMS Settings (Let EMS schedule automatic upgrade); emscli config set autoupgrade --enable false (when upgrades must go through change control)
Endpoint management,On-fabric detection based on destination address,EMS 7.2.5+; EMS 7.4.1+,"No direct requirement; if unused, disable (UEM-S SRG-APP-000141-UEM-000079)",GUI: Endpoint Policy & Components > On-fabric Detection Rules
ZTNA,JWT support for ZTNA UID and tag sharing,FortiClient 7.4.0 and later,"No direct requirement; if unused, disable (UEM-S SRG-APP-000141-UEM-000079)",GUI: System Settings > EMS Settings (Enable ZTNA Token: off)
Endpoint management,"FortiClient (Linux) and ARM installer creation, and uploading a custom FortiClient installer",EMS 7.4.0 and later,UEM-S SRG-APP-000378-UEM-000248; UEM-S SRG-APP-000131-UEM-000076,GUI: Deployment & Installers > FortiClient Installer
EMS platform,"Linux-based EMS model, with RHEL 9 and CentOS 9 support",EMS 7.4.0 and later,UEM-S SRG-APP-000516-UEM-000391,Assess the Linux host against its operating system STIG
Fabric connectors,Access key for Security Fabric devices connecting to FortiClient Cloud,EMS 7.4.0 and later,"No direct requirement; if unused, disable (UEM-S SRG-APP-000141-UEM-000079)",—
Security posture tags,Security posture rules based on the CrowdStrike ZTA score,FortiClient 7.4.1 and later,UEM-S SRG-APP-000378-UEM-000249,GUI: Security Posture Tags > Security Posture Tagging Rules
FortiClient GUI,"FortiTray icons for on-fabric and VPN status, FortiClient GUI enhancement, and FortiClient GUI update",EMS 7.4.1+; FortiClient 7.4.1+; FortiClient 8.0.0+,"No direct requirement; if unused, disable (UEM-S SRG-APP-000141-UEM-000079)",—
FortiClient logging,Sending email events from the Microsoft Exchange server,FortiClient 7.4.1 and later,"No direct requirement; if unused, disable (UEM-S SRG-APP-000141-UEM-000079)",GUI: Endpoint Profiles > System Settings
ZTNA,ZTNA destinations over UDP,FortiClient 7.4.1 and later,"No direct requirement; if unused, disable (UEM-S SRG-APP-000141-UEM-000079)",—
Remote access,"IPsec VPN over TCP on Windows, macOS, and Linux",FortiClient 7.4.1 and later,"No direct requirement; if unused, disable (UEM-S SRG-APP-000141-UEM-000079)",—
Remote access,IKEv2 session resumption,FortiClient 7.4.1 and later,"No direct requirement; if unused, disable (UEM-S SRG-APP-000141-UEM-000079)",GUI: Endpoint Profiles > Remote Access (Enable Session Resumption: off)
Endpoint management,FortiClient hotfix deployment via EMS,EMS 7.4.1 and later,UEM-S SRG-APP-000456-UEM-000330,GUI: Deployment & Installers > FortiClient Installer
EMS platform,"EMS as a VM image (KVM, VMware, then Hyper-V and VirtualBox)",EMS 7.4.1 and later,UEM-S SRG-APP-000516-UEM-000391,Assess the VM host as a Linux server
EMS administration,Assign AD and local Windows server groups to admin roles,EMS 7.4.1 and later,UEM-S SRG-APP-000023-UEM-000012; UEM-S SRG-APP-000380-UEM-000251,GUI: Administration > Admin Users
Endpoint protection,FortiEndpoint (FortiClient integration of the FortiEDR agent),EMS 7.4.1 and later,"No direct requirement; if unused, disable (UEM-S SRG-APP-000141-UEM-000079)",GUI: System Settings > Feature Select
Remote access,EAP-TTLS for IPsec VPN (LDAP user authentication over a TLS tunnel),FortiClient 7.4.3 and later,VPN SRG-NET-000166-VPN-000580,GUI: Endpoint Profiles > Remote Access (EAP Authentication Method: EAP-TTLS)
ZTNA,Upload a custom certificate and private key for ZTNA,EMS 7.4.3 and later,UEM-S SRG-APP-000427-UEM-000298,GUI: System Settings > EMS Settings (EMS CA Certificate (ZTNA))
EMS logging,"Consolidated endpoint events, with EMS installed with a separate time series Elasticsearch database",EMS 7.4.3 and later,UEM-A SRG-APP-000358-UEM-100013; UEM-S SRG-APP-000516-UEM-000392,GUI: Endpoints > All Events
Endpoint protection,Vulnerability detection popup on endpoints,EMS 7.4.3 and later,"No direct requirement; if unused, disable (UEM-S SRG-APP-000141-UEM-000079)",—
Licensing,Behavior of EMS with an expired license (endpoints no longer deregistered),EMS 7.4.3 and later,"No direct requirement; if unused, disable (UEM-S SRG-APP-000141-UEM-000079)",—
Endpoint protection,FortiDeceptor integration (deception tokens and lures),FortiClient 7.4.4 and later,"No direct requirement; if unused, disable (UEM-S SRG-APP-000141-UEM-000079)",GUI: Endpoint Profiles > FortiDeceptor Campaign
Endpoint protection,FortiData integration (data protection),FortiClient 7.4.4 and later,"No direct requirement; if unused, disable (UEM-S SRG-APP-000141-UEM-000079)",GUI: Endpoint Profiles > Data Protection
Remote access,Dual IPsec VPN tunnel support,FortiClient 7.4.4 and later,"No direct requirement; if unused, disable (UEM-S SRG-APP-000141-UEM-000079)",—
EMS administration,RADIUS server authentication for administrators,EMS 7.4.4 and later,UEM-S SRG-APP-000148-UEM-000082; UEM-S SRG-APP-000023-UEM-000012,GUI: Administration > RADIUS (Authentication Method)
EMS platform,EMS VM CLI and EMS CLI (emscli) enhancements,EMS 7.4.4 and later,UEM-S SRG-APP-000380-UEM-000251,emscli system get info
Endpoint management,Endpoint health check (feature status of each endpoint),EMS 7.4.4 and later,UEM-S SRG-APP-000472-UEM-000347; UEM-S SRG-APP-000474-UEM-000349,GUI: Endpoints > All Endpoints
EMS platform,EMS upgrade notification improvement,EMS 7.4.4 and later,UEM-S SRG-APP-000456-UEM-000330,GUI: System Settings > EMS Alerts (New EMS version is available for deployment)
User verification,Custom invitation email template for on-premise EMS,EMS 7.4.4 and later,"No direct requirement; if unused, disable (UEM-S SRG-APP-000141-UEM-000079)",GUI: System Settings > Invitation Email Template
EMS platform,"Upgrade and compatibility matrix signature, and firmware maturity levels (Feature and Mature tags)",EMS 7.4.4+; FortiClient and EMS 7.4.4+,UEM-S SRG-APP-001035-UEM-000408,GUI: Dashboard > Status (System Information)
Remote access,Windows Hello for Business with FortiGate SAML-based IPsec VPN,FortiClient 7.4.5 and later,VPN SRG-NET-000140-VPN-000500; VPN SRG-NET-000145-VPN-000510,GUI: Endpoint Profiles > Remote Access
EMS platform,Deploying EMS with Docker Compose or on Kubernetes,EMS 7.4.5 and later,UEM-S SRG-APP-000516-UEM-000391; UEM-S SRG-APP-000514-UEM-000389,Set EMS_FIPS_ENABLED (Docker Compose) or fips (Kubernetes) to true
EMS platform,EMS Performance dashboard,EMS 7.4.5 and later,UEM-S SRG-APP-000474-UEM-000349,GUI: Dashboard > Performance
EMS platform,EMS scheduled backup to a remote server,EMS 7.4.5 and later,UEM-S SRG-APP-000125-UEM-000074,"GUI: System Settings > EMS Settings (Scheduled Backup, Backup Server)"
Security posture tags,"Tag evaluation visibility, and improved ZTNA and VPN troubleshooting",EMS 7.4.5 and later,"No direct requirement; if unused, disable (UEM-S SRG-APP-000141-UEM-000079)",—
EMS platform,Adding and expanding disks on EMS VMs,EMS 7.4.5 and later,"No direct requirement; if unused, disable (UEM-S SRG-APP-000141-UEM-000079)",—
EMS platform,"EMS VM HA clusters created with the EMSCLI, with witness nodes",EMS 7.4.5 and later,UEM-S SRG-APP-000225-UEM-000136,emscli ha get status
EMS platform,EMS VM password recovery ISO,EMS 7.4.5 and later,"No direct requirement; if unused, disable (UEM-S SRG-APP-000141-UEM-000079)",—
EMS platform,Open source licensing requirements page,EMS 7.4.5 and later,"No direct requirement; if unused, disable (UEM-S SRG-APP-000141-UEM-000079)",—
EMS platform,EMS in air-gapped environments (dependencies bundle or HTTP proxy),EMS 7.4.6 and later,"No direct requirement; if unused, disable (UEM-S SRG-APP-000141-UEM-000079)",—
EMS platform,"PostgreSQL database: auto-adjusted configuration, versions 15 to 18, standalone remote DB on RHEL, DB node timeout",EMS 7.4.6+; EMS 8.0.0+,"No direct requirement; if unused, disable (UEM-S SRG-APP-000141-UEM-000079)",—
Remote access,"EMS GUI changes from 7.4.6 (auto start, traffic keep strategy, session resumption, mode config types)",EMS 7.4.6 and later,"No direct requirement; if unused, disable (UEM-S SRG-APP-000141-UEM-000079)",—
Remote access,IPsec VPN failover with priority groups,FortiClient 7.4.8 and later,"No direct requirement; if unused, disable (UEM-S SRG-APP-000141-UEM-000079)",—
EMS platform,Setting EMS network routes,EMS 7.4.8+; EMS 8.0.0+,"No direct requirement; if unused, disable (UEM-S SRG-APP-000141-UEM-000079)",—
Endpoint management,New OS support for Windows and Linux endpoints,FortiClient 8.0.0 and later,"No direct requirement; if unused, disable (UEM-S SRG-APP-000141-UEM-000079)",—
Remote access,Excluding ZTNA application traffic from the IKEv2 VPN tunnel,FortiClient 8.0.0 and later,VPN SRG-NET-000369-VPN-001620,XML: vpn/options/exclude_ztna_apps=0
Remote access,Post-quantum preshared key (PPK) for IPsec VPN,FortiClient 8.0.0 and later,VPN SRG-NET-000371-VPN-001650,XML: vpn/ipsecvpn/connections/connection/ike_settings/ppk_mode=<PPK_MODE>
EMS administration,FortiAI assistant for EMS administrators (cloud service),EMS 8.0.0 and later,"No direct requirement; if unused, disable (UEM-S SRG-APP-000141-UEM-000079)",emscli config set ai --enable.feature false
Security posture tags,Endpoint posture risk and visibility scores,EMS 8.0.0 and later,UEM-S SRG-APP-000378-UEM-000249,GUI: Dashboard > Endpoint Posture Score
EMS platform,New EMS version installed side by side with production EMS,EMS 8.0.0 and later,"No direct requirement; if unused, disable (UEM-S SRG-APP-000141-UEM-000079)",—
EMS administration,SCIM connection between EMS and the SAML identity provider,EMS 8.0.0 and later,UEM-S SRG-APP-000023-UEM-000012,GUI: Administration > Authentication Servers
Endpoint protection,Granular process-level access control on endpoints,EMS 8.0.0 and later,"No direct requirement; if unused, disable (UEM-S SRG-APP-000141-UEM-000079)",GUI: Endpoint Profiles > System Settings
Remote access,Improvements to creating and editing remote access profiles,EMS 8.0.0 and later,"No direct requirement; if unused, disable (UEM-S SRG-APP-000141-UEM-000079)",GUI: Endpoint Profiles > Remote Access
EMS platform,Anonymous statistics sent to Fortinet,EMS 8.0.0 and later,"No direct requirement; if unused, disable (UEM-S SRG-APP-000141-UEM-000079)",GUI: System Settings > EMS Settings (Statistics Collection: off); emscli config set stats --enabled false
