Category,Feature,Introduced (FortiEDR),SRG requirement(s),Command to satisfy the requirement
Core: Architecture,"Collector on Windows, macOS, and Linux endpoints (the host operating system STIG applies to each endpoint)",5.0.0 or earlier,UEM-A SRG-APP-000516-UEM-100010; UEM-A SRG-APP-000516-UEM-100006,msiexec /i FortiEDRCollectorInstaller64.msi /qn AGG=<AGGREGATOR>:8081 PWD=<REGISTRATION_PASSWORD>; sudo /opt/FortiEDRCollector/scripts/fortiedrconfig.sh
Core: Architecture,"Custom Collector installer with the Aggregator address, organization, and group embedded",5.0.0 or earlier,UEM-A SRG-APP-000516-UEM-100010; UEM-A SRG-APP-000516-UEM-100006,"GUI: Administration > Deployment > Collector (Request Collector Installer, Aggregator Address)"
Core: Architecture,"Device registration password for Collectors, Aggregators, and Cores (also needed to uninstall a Collector)",5.0.0 or earlier,UEM-A SRG-APP-000516-UEM-100011; UEM-S SRG-APP-000580-UEM-000398,GUI: Administration > Settings > Component Authentication (keep the password secret; endpoint users must not know it)
Core: Architecture,"Aggregator and Core (cloud-hosted, or on-premises appliances), and the Collector communication channel",5.0.0 or earlier,UEM-S SRG-APP-000191-UEM-000119; UEM-S SRG-APP-000439-UEM-000313,Use SSL between Collector and Core (see the 5.2.0 build 3092 row)
Core: Architecture,"Network ports between Collectors, Aggregator, Core, Central Manager, and Threat Hunting Repository",5.0.0 or earlier,NDM SRG-APP-000142-NDM-000245,"Open only the documented ports, narrowed to the component addresses"
Core: Architecture,FortiEDR Cloud Service (FCS) classification and analysis,5.0.0 or earlier,"No direct requirement; if unused, disable (NDM SRG-APP-000142-NDM-000245)",fortiedr config (answer no at the Do you want to enable FCS? prompt if FCS is not approved)
Core: Architecture,Threat Hunting Repository (on-premises),5.0.0 or earlier,"No direct requirement; if unused, disable (NDM SRG-APP-000142-NDM-000245)",—
Core: Architecture,Multi-tenancy (organizations) and Hoster view,5.0.0 or earlier,"No direct requirement; if unused, disable (NDM SRG-APP-000142-NDM-000245)",—
Core: Console,Central Manager console over HTTPS (port 443),5.0.0 or earlier,NDM SRG-APP-000412-NDM-000331; NDM SRG-APP-000172-NDM-000259,Browse to https://<CENTRAL_MANAGER>/ only; restrict port 443 to the management network
Core: Console,"Central Manager server certificate (PEM, CN matching the FQDN)",5.0.0 or earlier,NDM SRG-APP-000516-NDM-000344,GUI: Administration > Deployment > Collector (Central Manager Certificate); fortiedr manager load-ssl-certificate <USER> <PASSWORD> <CERTIFICATE_FILE> <PRIVATE_KEY_FILE> <PRIVATE_KEY_PASSWORD> (certificate from a DoD-approved CA)
Core: Console,Trusted CA certificates of the Central Manager (MITM CA upload for Internet access),5.0.0 or earlier,NDM SRG-APP-000910-NDM-000300,Upload only approved CAs with the /maintenance/upload-certificate API
Core: Accounts,Local console users and predefined roles,5.0.0 or earlier,NDM SRG-APP-000033-NDM-000212; NDM SRG-APP-000329-NDM-000287; NDM SRG-APP-000340-NDM-000288,"GUI: Administration > Users (Add User, Role)"
Core: Accounts,First administrator defined at installation (account of last resort),5.0.0 or earlier,NDM SRG-APP-000148-NDM-000346,GUI: Administration > Users (keep one local Admin; log on everyone else through LDAP or SAML)
Core: Accounts,"Rest API, Custom script, and FortiEDR Connect user permissions",5.0.0 or earlier,NDM SRG-APP-000340-NDM-000288; NDM SRG-APP-000231-NDM-000271,"GUI: Administration > Users (Rest API, Custom script, FortiEDR Connect)"
Core: Accounts,Resetting a user password and releasing a locked account,5.0.0 or earlier,NDM SRG-APP-000065-NDM-000214,GUI: Administration > Users > Resetting a user password
Core: Authentication,Two-factor authentication for a user (FortiToken or an authenticator application),5.0.0 or earlier,NDM SRG-APP-000820-NDM-000170; NDM SRG-APP-000156-NDM-000250,GUI: Administration > Users > Two-factor authentication
Core: Authentication,LDAP authentication (Active Directory or OpenLDAP through a Jumpbox Core),5.0.0 or earlier,NDM SRG-APP-000516-NDM-000336; NDM SRG-APP-000153-NDM-000249; NDM SRG-APP-000172-NDM-000259,"GUI: Administration > Users > LDAP authentication (LDAP Enabled, Security Level: TLS, Role/Group mapping)"
Core: Authentication,"SAML authentication (FortiEDR as service provider with FortiAuthenticator, Okta, or another IdP)",5.0.0 or earlier,NDM SRG-APP-000149-NDM-000247; NDM SRG-APP-000516-NDM-000336,GUI: Administration > Users > SAML authentication (use an IdP that enforces CAC)
Core: Audit,"Audit Trail of user actions (CSV download, sent through syslog)",5.0.0 or earlier,NDM SRG-APP-000026-NDM-000208; NDM SRG-APP-000027-NDM-000209; NDM SRG-APP-000343-NDM-000289; NDM SRG-APP-000095-NDM-000225; NDM SRG-APP-000100-NDM-000230,GUI: Administration > Settings > Audit Trail
Core: Audit,"System events (component, Collector, license, and mode changes; FCS connectivity)",5.0.0 or earlier,UEM-S SRG-APP-000474-UEM-000349,GUI: Administration > System events; GUI: Administration > Distribution lists
Core: Audit,"Personal Data Handling (removal of a user's data, including from the Audit Trail)",5.0.0 or earlier,NDM SRG-APP-000120-NDM-000237,GUI: Administration > Settings > Personal Data Handling (restrict to Admin users; record each removal)
Core: Logging,"Syslog destinations for security events, system events, and the audit trail",5.0.0 or earlier,NDM SRG-APP-000516-NDM-000350; NDM SRG-APP-000515-NDM-000325; IDPS SRG-NET-000511-IDPS-00012; IDPS SRG-NET-000091-IDPS-00193,"GUI: Profiles > Export settings > Syslog (Protocol: TCP, TLS, Client Certificate)"
Core: Logging,SMTP server and distribution lists (email for security and system events),5.0.0 or earlier,IDPS SRG-NET-000249-IDPS-00222; IDPS SRG-NET-000392-IDPS-00214,GUI: Profiles > Export settings > SMTP; GUI: Administration > Distribution lists
Core: Logging,"Open Ticket (events sent to Jira, ServiceNow, or another tool by email)",5.0.0 or earlier,"No direct requirement; if unused, disable (NDM SRG-APP-000142-NDM-000245)",GUI: Profiles > Export settings > Open Ticket
Core: Platform,"Central Manager, Aggregator, and Core installation and upgrade with Fortinet installer files",5.0.0 or earlier,NDM SRG-APP-001035-NDM-000340; NDM SRG-APP-000457-NDM-000352; NDM SRG-APP-000131-NDM-000243,"fortiedr version (install the installer files that Fortinet provides, after checking them)"
Core: Platform,"The fortiedr command line of the Central Manager, Aggregator, Core, and Repository",5.0.0 or earlier,NDM SRG-APP-000408-NDM-000314; NDM SRG-APP-000378-NDM-000302,fortiedr status (restrict root and SSH access to authorized administrators)
Core: Platform,"Date, time, and time zone set by the installer",5.0.0 or earlier,NDM SRG-APP-000116-NDM-000234; NDM SRG-APP-000374-NDM-000299; NDM SRG-APP-000920-NDM-000320,fortiedr tzselect (synchronize the host clock with an authoritative time source)
Core: Platform,Licensing page and license loading,5.0.0 or earlier,"No direct requirement; if unused, disable (NDM SRG-APP-000142-NDM-000245)",GUI: Administration > Licensing
Core: Platform,Collector version updates and automatic Collector updates,5.0.0 or earlier,UEM-S SRG-APP-000427-UEM-000299; NDM SRG-APP-000378-NDM-000302,GUI: Administration > Deployment > Collector (Update Collectors)
Core: Platform,"Content updates (policy rules and built-in exceptions, Content Updates add-on)",5.0.0 or earlier,IDPS SRG-NET-000246-IDPS-00205; IDPS SRG-NET-000251-IDPS-00178; IDPS SRG-NET-000019-IDPS-00187,GUI: Administration > Licensing (Load Content)
Core: Platform,"Exporting logs of Collectors, Cores, and Aggregators (diagnostics)",5.0.0 or earlier,"No direct requirement; if unused, disable (NDM SRG-APP-000142-NDM-000245)",—
Core: Protection,Security policies assigned to Collector groups,5.0.0 or earlier,IDPS SRG-NET-000512-IDPS-00194,GUI: Profiles > Security > Policies (assign every Collector group a policy set)
Core: Protection,Protection or Simulation mode of each policy,5.0.0 or earlier,IDPS SRG-NET-000249-IDPS-00176,GUI: Profiles > Security > Policies (Protection)
Core: Protection,"Execution Prevention policy (malicious file detection and blocking, NGAV)",5.0.0 or earlier,IDPS SRG-NET-000249-IDPS-00176; IDPS SRG-NET-000249-IDPS-00221,GUI: Profiles > Security > Policies (Execution Prevention)
Core: Protection,Exfiltration Prevention policy (malicious connection establishment),5.0.0 or earlier,IDPS SRG-NET-000391-IDPS-00213; IDPS SRG-NET-000249-IDPS-00176,GUI: Profiles > Security > Policies (Exfiltration Prevention)
Core: Protection,Ransomware Prevention policy,5.0.0 or earlier,IDPS SRG-NET-000249-IDPS-00176,GUI: Profiles > Security > Policies (Ransomware Prevention)
Core: Protection,Device Control policy (USB devices),5.0.0 or earlier,"No direct requirement; if unused, disable (NDM SRG-APP-000142-NDM-000245)",GUI: Profiles > Security > Policies (Device Control)
Core: Protection,File Scan (scheduled and on-demand scans),5.0.0 or earlier,IDPS SRG-NET-000249-IDPS-00176,GUI: Administration > Settings > File Scan (Perform scheduled scan)
Core: Protection,Exception Manager and Exclusion Manager,5.0.0 or earlier,IDPS SRG-NET-000512-IDPS-00194; NDM SRG-APP-000380-NDM-000304,GUI: Profiles > Security > Exception Manager; GUI: Profiles > Security > Exclusion Manager (review exceptions and exclusions)
Core: Protection,Device isolation,5.0.0 or earlier,"No direct requirement; if unused, disable (NDM SRG-APP-000142-NDM-000245)",—
Core: Protection,Enabling and disabling a Collector,5.0.0 or earlier,NDM SRG-APP-000340-NDM-000288,GUI: Assets > Inventory > Enabling/disabling a Collector
Core: Response,"Playbook policies (notifications, isolation, high-security group, remediation)",5.0.0 or earlier,IDPS SRG-NET-000249-IDPS-00222; IDPS SRG-NET-000392-IDPS-00219,"GUI: Profiles > Playbooks (Send Email Notification, Send Syslog Notification)"
Core: Response,"Remediating a device upon malware detection (delete file, terminate process, clean registry)",5.0.0 or earlier,IDPS SRG-NET-000249-IDPS-00221,GUI: Incidents > Investigation View > Remediating a device upon malware detection
Core: Response,"Event Viewer (security events, classification, handled status)",5.0.0 or earlier,IDPS SRG-NET-000113-IDPS-00013; IDPS SRG-NET-000113-IDPS-00082; IDPS SRG-NET-000074-IDPS-00059,GUI: Incidents
Core: Response,"Forensics (flow analyzer, stack view, compare view, memory retrieval)",5.0.0 or earlier,"No direct requirement; if unused, disable (NDM SRG-APP-000142-NDM-000245)",—
Core: Communication control,"Application communication control (reputation, vulnerability, allow or deny policies)",5.0.0 or earlier,IDPS SRG-NET-000384-IDPS-00209; IDPS SRG-NET-000391-IDPS-00213; IDPS SRG-NET-000018-IDPS-00018,GUI: Communication control > Policies; GUI: Communication control > Applications
Core: Integrations,"Connectors (firewall, NAC, sandbox, eXtended detection, custom) and Jumpbox Cores",5.0.0 or earlier,IDPS SRG-NET-000383-IDPS-00208,GUI: Profiles > Integrations > Connectors
Core: Integrations,IP sets,5.0.0 or earlier,"No direct requirement; if unused, disable (NDM SRG-APP-000142-NDM-000245)",—
Core: Inventory,"Collector inventory, states, and versions",5.0.0 or earlier,UEM-S SRG-APP-000472-UEM-000347,GUI: Assets > Inventory
Core: Inventory,Unmanaged devices,5.0.0 or earlier,"No direct requirement; if unused, disable (NDM SRG-APP-000142-NDM-000245)",—
Core: Inventory,IoT device discovery,5.0.0 or earlier,"No direct requirement; if unused, disable (NDM SRG-APP-000142-NDM-000245)",GUI: Administration > Settings > IoT Device Discovery (Perform ongoing device discovery: off)
Core: Inventory,Dashboard and executive summary report,5.0.0 or earlier,"No direct requirement; if unused, disable (NDM SRG-APP-000142-NDM-000245)",—
Core: Endpoint,End-user notifications (tray icon and pop-ups),5.0.0 or earlier,"No direct requirement; if unused, disable (NDM SRG-APP-000142-NDM-000245)",—
XDR,"FortiXDR extended detection, investigation, and response, with the event advanced analysis view of the automated FCS analysis",5.0.1 and later,"No direct requirement; if unused, disable (NDM SRG-APP-000142-NDM-000245)",—
Threat hunting,"Behavior-based threat hunting with MITRE techniques, collection profiles, and collection exclusions",5.0.1 and later,UEM-A SRG-APP-000358-UEM-100013,GUI: Profiles > EDR > Collection Profiles; GUI: Profiles > EDR > Collection Exclusions
Threat hunting,"Scheduled threat hunting queries, and incident response actions triggered by them",5.0.1+; 5.2.1+,IDPS SRG-NET-000392-IDPS-00214,GUI: Forensics > Threat Hunting
Protection,Web filtering powered by FortiGuard,5.0.1 and later,"No direct requirement; if unused, disable (NDM SRG-APP-000142-NDM-000245)",—
Protection,Security event exception enhancements (user-based exceptions),5.0.1 and later,IDPS SRG-NET-000512-IDPS-00194,GUI: Profiles > Security > Exception Manager
Platform,Oracle Linux Collector support,5.0.1 and later,"No direct requirement; if unused, disable (NDM SRG-APP-000142-NDM-000245)",—
Endpoint,"Enhanced end-user notification (recent events, Collector version and state)",5.0.1 and later,"No direct requirement; if unused, disable (NDM SRG-APP-000142-NDM-000245)",GUI: Administration > Settings > End Users Notifications (Show system tray icon with collector status)
Endpoint,Windows Security Center registration controlled from the console,5.0.1 and later,"No direct requirement; if unused, disable (NDM SRG-APP-000142-NDM-000245)",GUI: Administration > Settings > Windows Security Center (Register collectors to Windows Security Center)
Console administration,"REST API additions (threat hunting, enriched events, unmanaged devices, SAML SSO configuration)",5.0.1 and later,NDM SRG-APP-000340-NDM-000288,GUI: Administration > Users (Rest API: off) (for every user who does not need the API)
Communication control,Communication Control free-text search covers process properties,5.0.3 (CM build 827) and later,"No direct requirement; if unused, disable (NDM SRG-APP-000142-NDM-000245)",—
Forensics,"Forensics > Events available to every role with Forensics permission, regardless of license type",5.0.3 (CM build 834)+; 5.2.1+,"No direct requirement; if unused, disable (NDM SRG-APP-000142-NDM-000245)",—
Inventory,Disabling IoT scans (iot.disabled in application.properties on premises; Fortinet Support for cloud),5.0.3 (CM build 834)+; 5.2.0 (CM build 2162)+,NDM SRG-APP-000142-NDM-000245,Set iot.disabled in application.properties
Integrations,Custom cross-platform eXtended incident response and pre-canned third-party integrations triggered by playbooks,5.0.3+; 5.2.0 GA+,IDPS SRG-NET-000383-IDPS-00208,GUI: Profiles > Integrations > Connectors; GUI: Profiles > Playbooks
Protection,"Application Control: blocklist of applications per Collector group, by hash, name, path, or signer, predefined application groups, and the Application Name field",5.1.0+; 5.2.0 GA+; 6.2 GA+,IDPS SRG-NET-000249-IDPS-00176; IDPS SRG-NET-000512-IDPS-00194,GUI: Profiles > Security > Application Control
Threat hunting,Threat hunting for Linux and macOS,5.1.0+; 6.0 GA+,UEM-A SRG-APP-000358-UEM-100013,GUI: Profiles > EDR > Collection Profiles
Protection,"Process exclusions and NGAV exclusions, and exporting and importing exclusion lists",5.1.0+; 6.2 GA+,IDPS SRG-NET-000512-IDPS-00194; NDM SRG-APP-000380-NDM-000304,"GUI: Profiles > Security > Exclusion Manager (exclude only approved, signed processes and paths)"
Protection,Keylogging activity detection,5.1.0 and later,IDPS SRG-NET-000249-IDPS-00176,GUI: Profiles > Security > Policies
Threat hunting,"Enhanced data collection, the Collection Profiles and Collection Exclusions terms, and collection exclusions for macOS",5.1.0+; 6.0 (CM 6.0.1.0723)+,UEM-A SRG-APP-000358-UEM-100013,GUI: Profiles > EDR > Collection Exclusions
Platform,FortiEDR serial number on the Licensing page,5.1.0 and later,"No direct requirement; if unused, disable (NDM SRG-APP-000142-NDM-000245)",—
Response,FortiEDR Connect (remote shell to Windows devices),5.2.0 GA and later,NDM SRG-APP-000340-NDM-000288; NDM SRG-APP-000408-NDM-000314,GUI: Administration > Settings > FortiEDR Connect (leave remote shell off unless needed; grant it per user)
Threat hunting,Threat hunting data retention visibility,5.2.0 GA and later,"No direct requirement; if unused, disable (NDM SRG-APP-000142-NDM-000245)",—
Console administration,Japanese and Chinese localization of the console,5.2.0 GA+; 7.2.0+,"No direct requirement; if unused, disable (NDM SRG-APP-000142-NDM-000245)",—
Logging,"Syslog additions: remediation details, MITRE techniques, event data, deployment, stack hashes, and stack certificates",5.2.0 GA+; 6.0 (CM 6.0.1.0940)+,IDPS SRG-NET-000074-IDPS-00059; IDPS SRG-NET-000091-IDPS-00193,GUI: Profiles > Export settings > Syslog
Platform,"On-premises deployment (Central Manager, Aggregator, Threat Hunting Repository, reputation server, and Core)",5.2.0 (CM build 2325) and later,NDM SRG-APP-000516-NDM-000317,fortiedr config (assess each host against DoD guidance)
Logging,FortiAnalyzer syslog support,5.2.0 (CM build 2387) and later,NDM SRG-APP-000516-NDM-000350; IDPS SRG-NET-000511-IDPS-00012,GUI: Profiles > Export settings > Syslog (Format: FAZ)
Logging,Client certificate for TLS syslog servers,5.2.0 (CM build 2387) and later,NDM SRG-APP-000516-NDM-000350; NDM SRG-APP-000516-NDM-000344,"GUI: Profiles > Export settings > Syslog (TLS, Client Certificate)"
Console administration,"Idle session timeout (1 to 1440 minutes, 15 by default; Hoster view)",5.2.0 (CM build 2387) and later,NDM SRG-APP-000190-NDM-000267,GUI: Administration > Settings (Session Time Out: 5)
Console administration,"REST API tokens valid only for the TCP session (60 seconds idle, 4 hours maximum)",5.2.0 (CM build 2527) and later,NDM SRG-APP-000190-NDM-000267,—
Protection,Exceptions for specific command execution (enabled by Fortinet Support),5.2.0 (Core 5.2.2.2027) and later,IDPS SRG-NET-000512-IDPS-00194,GUI: Profiles > Security > Exception Manager
Threat hunting,Changing the default threat hunting collection profile,5.2.0 (CM build 3092)+; 6.0 (CM 6.0.1.0723)+,"No direct requirement; if unused, disable (NDM SRG-APP-000142-NDM-000245)",—
Architecture,SSL connection between Collector and Core (enabled by Fortinet Support),5.2.0 (CM build 3092) and later,UEM-S SRG-APP-000191-UEM-000119; UEM-S SRG-APP-000395-UEM-000266; UEM-S SRG-APP-000439-UEM-000313,Ask Fortinet Support to enable SSL between Collector and Core
Architecture,Revoking a compromised registration password,5.2.0 (CM build 3192)+; 6.0 (CM 6.0.1.0723)+,UEM-A SRG-APP-000516-UEM-100011; UEM-S SRG-APP-000580-UEM-000398,GUI: Administration > Settings > Component Authentication (Advanced Password Management)
Inventory,Aggregators listed by their machine names,5.2.0 (CM build 3192)+; 6.0 (CM 6.0.1.0723)+,"No direct requirement; if unused, disable (NDM SRG-APP-000142-NDM-000245)",—
Logging,Creating a syslog destination through the REST API (all fields and notifications enabled by default),5.2.0 (CM build 3192)+; 6.0 (CM 6.0.1.0723)+,NDM SRG-APP-000516-NDM-000350,GUI: Profiles > Export settings > Syslog
Protection,Exceptions based on child processes,5.2.0 (CM build 3192)+; 6.0 (CM 6.0.1.0723)+,IDPS SRG-NET-000512-IDPS-00194,GUI: Profiles > Security > Exception Manager
Console administration,"Admin, Senior Analyst, Analyst, IT, and Read-Only roles, also mapped to LDAP and SAML groups",5.2.1 and later,NDM SRG-APP-000033-NDM-000212; NDM SRG-APP-000329-NDM-000287; NDM SRG-APP-000153-NDM-000249,GUI: Administration > Users (Role)
XDR,"eXtended detection sources: Google SCC, Amazon GuardDuty, FortiAnalyzer Cloud, FortiSIEM, FortiSIEM Cloud, FortiGate and VDOM filters, and custom external systems",5.2.1+; 6.2 GA+; 7.0 GA+,IDPS SRG-NET-000383-IDPS-00208,GUI: Profiles > Integrations > Connectors
Integrations,"Zero Trust incident response with FortiClient EMS tags, including the predefined FortiEDR tags",5.2.1+; 6.0 (CM 6.0.1.0723)+,IDPS SRG-NET-000383-IDPS-00208,GUI: Profiles > Integrations > Connectors
Integrations,"User access incident response (reset a user password, disable an Active Directory account)",5.2.1 and later,"No direct requirement; if unused, disable (NDM SRG-APP-000142-NDM-000245)",—
Response,Time filter in the Event Viewer,5.2.1 and later,"No direct requirement; if unused, disable (NDM SRG-APP-000142-NDM-000245)",—
Integrations,"FortiGate connector with virtual domains, and FortiManager ADOM blocking in workspace mode",5.2.1+; 6.2 (CM 6.2.4.0026)+,IDPS SRG-NET-000383-IDPS-00208,GUI: Profiles > Integrations > Connectors
Response,"Investigation View and its enhancements (stacks view, JSON export, response actions, filters)",6.0 GA+; 6.2 GA+,"No direct requirement; if unused, disable (NDM SRG-APP-000142-NDM-000245)",—
Threat hunting,Threat Intelligence Feed integration (STIX/TAXII) and query conversion into Lucene,6.0 GA and later,IDPS SRG-NET-000383-IDPS-00208,GUI: Profiles > Integrations > Connectors
Console administration,"Password policy: minimum length, character types, brute-force protection, required 2FA, and closing open sessions",6.0 GA and later,NDM SRG-APP-000164-NDM-000252; NDM SRG-APP-000166-NDM-000254; NDM SRG-APP-000167-NDM-000255; NDM SRG-APP-000168-NDM-000256; NDM SRG-APP-000169-NDM-000257; NDM SRG-APP-000065-NDM-000214; NDM SRG-APP-000820-NDM-000170,"GUI: Administration > Users (Password Policy, Minimum password length: 15, Brute-force protection, Require 2FA, Close open sessions immediately)"
Architecture,Organization-specific Aggregators,6.0 (CM 6.0.1.0723) and later,"No direct requirement; if unused, disable (NDM SRG-APP-000142-NDM-000245)",—
Console administration,Getting started videos,6.0 (CM 6.0.1.0940) and later,"No direct requirement; if unused, disable (NDM SRG-APP-000142-NDM-000245)",—
Logging,System event when a Collector becomes Degraded (enabled by Fortinet Support),6.0 (CM 6.0.1.0940) and later,UEM-S SRG-APP-000474-UEM-000349,Ask Fortinet Support to enable the event
Architecture,Reputation service: Core and Windows Collector query it directly,6.0 (Core 6.0.1.0637)+; 6.2 (CM 6.2.3.0036)+,"No direct requirement; if unused, disable (NDM SRG-APP-000142-NDM-000245)",GUI: Administration > Settings > Reputation Service
Platform,"Core and on-premises components on Ubuntu 22.04 instead of CentOS, and migration",6.0 (Core 6.0.1.0646)+; 6.2 (CM 6.2.1.0111)+,NDM SRG-APP-000516-NDM-000317,Migrate to Ubuntu 22.04 and assess the host
Forensics,"Forensics moved into the Investigation View, then the Forensics Viewer restored",6.2 GA+; 7.2.1+,"No direct requirement; if unused, disable (NDM SRG-APP-000142-NDM-000245)",—
Response,FortiEDR Connect commands recorded in the Audit Trail,6.2 GA and later,NDM SRG-APP-000101-NDM-000231; NDM SRG-APP-000343-NDM-000289,GUI: Administration > Settings > Audit Trail
Logging,CEF and LEEF syslog formats,6.2 GA and later,IDPS SRG-NET-000091-IDPS-00193,GUI: Profiles > Export settings > Syslog (Format)
Console administration,Control of access to new license functionality in multi-tenant environments,6.2 GA and later,"No direct requirement; if unused, disable (NDM SRG-APP-000142-NDM-000245)",—
Console administration,Certificate field renamed Signature,6.2 GA and later,"No direct requirement; if unused, disable (NDM SRG-APP-000142-NDM-000245)",—
Protection,"New applications not blocked by default, and the Enable Default application state option",6.2 (CM 6.2.0.0451) and later,IDPS SRG-NET-000249-IDPS-00176,GUI: Administration > Settings > Application Control Manager (Enable Default application state)
Platform,HTTPS for the Grafana connection (on-premises),6.2 (CM 6.2.1.0111) and later,NDM SRG-APP-000412-NDM-000331; NDM SRG-APP-000516-NDM-000344,Enable TLS on Grafana with your own certificate
Forensics,Legacy Forensics view (enabled by Fortinet Support),6.2 (CM 6.2.1.0111) and later,"No direct requirement; if unused, disable (NDM SRG-APP-000142-NDM-000245)",—
Endpoint,FortiClient notifications for FortiEndpoint deployments,6.2 (CM 6.2.4.0026) and later,"No direct requirement; if unused, disable (NDM SRG-APP-000142-NDM-000245)",GUI: Administration > Settings > End Users Notifications (Enable FortiClient notifications)
Architecture,Jumpbox change disabled for Cores earlier than 6.0.1.652,6.2 (CM 6.2.4.0026) and later,"No direct requirement; if unused, disable (NDM SRG-APP-000142-NDM-000245)",—
Architecture,"Obfuscation of user names, host names, addresses, and other data sent to FCS",6.2 (CM 6.2.4.0026) and later,"No direct requirement; if unused, disable (NDM SRG-APP-000142-NDM-000245)",—
Console administration,Deployment URL and reputation service list in Administration > Tools,6.2 (CM 6.2.5.0052) and later,"No direct requirement; if unused, disable (NDM SRG-APP-000142-NDM-000245)",—
Platform,License consolidation for workstations and servers,6.2 (CM 6.2.5.0052)+; 7.0 (CM 7.0.4.0050)+,"No direct requirement; if unused, disable (NDM SRG-APP-000142-NDM-000245)",—
Inventory,VDI devices shown as Disconnected (Expired) after 6 hours,6.2 (CM 6.2.5.0052) and later,"No direct requirement; if unused, disable (NDM SRG-APP-000142-NDM-000245)",—
Protection,PUP Prevented rule in the Execution Prevention policy,6.2 (CM 6.2.6.0097) and later,IDPS SRG-NET-000249-IDPS-00176,GUI: Profiles > Security > Policies (Execution Prevention)
Console administration,Login blocked when the license has expired,6.2 (CM 6.2.6.0097) and later,"No direct requirement; if unused, disable (NDM SRG-APP-000142-NDM-000245)",—
Protection,AV Engine 7.0 signatures selected through the Aggregator API,6.2 (CM 6.2.6.0097) and later,IDPS SRG-NET-000246-IDPS-00205,—
Platform,Hardening enhancements,6.2 (CM 6.2.6.0097) and later,"No direct requirement; if unused, disable (NDM SRG-APP-000142-NDM-000245)",—
Protection,"Cloud workload protection with the node Collector (AWS, Azure, GCP)",7.0 GA and later,"No direct requirement; if unused, disable (NDM SRG-APP-000142-NDM-000245)",—
Protection,Mobile device protection (Android and iOS) and the Mobile Devices policy,7.0 GA and later,"No direct requirement; if unused, disable (NDM SRG-APP-000142-NDM-000245)",—
Console administration,"Dashboard changes, and PDF reports generated from the dashboard",7.0 GA+; 7.2.0+,"No direct requirement; if unused, disable (NDM SRG-APP-000142-NDM-000245)",—
Response,"Incidents workflow (Event Viewer renamed Incidents), incident entities, and filtering of events older than 30 days",7.0 GA+; 7.2.0+,IDPS SRG-NET-000113-IDPS-00013,GUI: Incidents
Inventory,Security posture indicator (Device Security column) for Windows and macOS endpoints,7.0 GA and later,"No direct requirement; if unused, disable (NDM SRG-APP-000142-NDM-000245)",—
Integrations,External attack surface visibility with FortiRecon (NIST and ACI severity),7.0 GA and later,"No direct requirement; if unused, disable (NDM SRG-APP-000142-NDM-000245)",—
Console administration,New look and feel and color schemes of the console,7.0 GA+; 7.2.0+,"No direct requirement; if unused, disable (NDM SRG-APP-000142-NDM-000245)",—
Console administration,Administration > Tools renamed Administration > Settings,7.0 GA and later,"No direct requirement; if unused, disable (NDM SRG-APP-000142-NDM-000245)",—
Communication control,Host firewall policies on Collector groups,7.2.0 and later,IDPS SRG-NET-000390-IDPS-00212; IDPS SRG-NET-000391-IDPS-00213; IDPS SRG-NET-000018-IDPS-00018,GUI: Communications Control > Host Firewall
Protection,Disk encryption management for Windows (BitLocker) and macOS (FileVault) endpoints,7.2.0 and later,"No direct requirement; if unused, disable (NDM SRG-APP-000142-NDM-000245)",GUI: Profiles > Disk Encryption
Communication control,Exporting Communication Control applications through the notification center,7.2.0 and later,"No direct requirement; if unused, disable (NDM SRG-APP-000142-NDM-000245)",—
Protection,Secure browser (disabled by default),7.2.1 and later,"No direct requirement; if unused, disable (NDM SRG-APP-000142-NDM-000245)",—
Inventory,"Collector filtering, including devices not seen for more than 30 days",7.2.1 and later,UEM-S SRG-APP-000472-UEM-000347,GUI: Assets > Inventory
Console administration,Time zone per organization,7.2.1 and later,NDM SRG-APP-000374-NDM-000299,GUI: Administration > Settings > Time Zone (Ignore data converter)
Console administration,Login without the organization name in multi-tenancy,7.2.1 and later,"No direct requirement; if unused, disable (NDM SRG-APP-000142-NDM-000245)",—
Console administration,"GUI enhancements: user field validation (2FA, password, role), exceptions loaded only on supported Collectors, error reporting",7.2.1 and later,"No direct requirement; if unused, disable (NDM SRG-APP-000142-NDM-000245)",—
Platform,On-premises deployment in air-gapped environments,7.2.3 and later,NDM SRG-APP-000516-NDM-000317,—
Protection,AV Signature policy and manual content upload in the Update Center,7.2.3 and later,IDPS SRG-NET-000246-IDPS-00205; IDPS SRG-NET-000251-IDPS-00178; IDPS SRG-NET-000019-IDPS-00187,GUI: Profiles > Security > Security Content Update; GUI: Administration > Deployment > Update Center
Protection,"Collector Settings policy (behavior in operating modes, upgrade schedule)",7.2.3 and later,IDPS SRG-NET-000512-IDPS-00194,GUI: Profiles > Security > Collector Settings
Response,Inconclusive events sent to FCS before they appear in Incidents,7.2.3 and later,"No direct requirement; if unused, disable (NDM SRG-APP-000142-NDM-000245)",—
Protection,High-Sensitivity Mode of the File Encryptor rule (Ransomware Prevention),7.2.3 and later,IDPS SRG-NET-000249-IDPS-00176,GUI: Profiles > Security > Policies (Ransomware Prevention)
Inventory,System summary and reporting enhancements,7.2.3 (CM 7.2.3.0302) and later,"No direct requirement; if unused, disable (NDM SRG-APP-000142-NDM-000245)",—
Console administration,"UX improvements (loading indicator, notification counters, certificate settings navigation)",7.2.3 (CM 7.2.3.0302) and later,"No direct requirement; if unused, disable (NDM SRG-APP-000142-NDM-000245)",—
