Category,Feature,Introduced (FortiSASE),SRG requirement(s),Command to satisfy the requirement
Core: Cloud service,"FortiSASE cloud service offering: security PoPs, logging PoPs, and the endpoint management service (Fortinet-operated)",24.4.87 or earlier,CC SRG-OS-000480-CLD-000025; CC SRG-OS-000480-CLD-000035,"Confirm the offering's DoD provisional authorization and impact level, obtain AO authorization, and record Fortinet's responsibilities in the contract (Fortinet-operated; no tenant setting)"
Core: Cloud service,Impact level of the information processed (DoD Cloud Service Catalog listing at that level),24.4.87 or earlier,CC SRG-OS-000480-CLD-000030; CC SRG-OS-000480-CLD-000031; CC SRG-OS-000480-CLD-000032; CC SRG-OS-000480-CLD-000033,Select an offering listed at the impact level of the data; FortiSASE has no setting for this
Core: Cloud service,Security PoP locations selected at provisioning (where traffic is inspected and logs are kept),24.4.87 or earlier,CC SRG-OS-000480-CLD-000035,GUI: Operations > Infrastructure (choose only locations the authorizing official approves)
Core: Cloud service,"Required services and ports, and the egress IP addresses feed",24.4.87 or earlier,CC SRG-OS-000096-CLD-000060; CC SRG-OS-000370-CLD-000050; CC SRG-OS-000368-CLD-000040,"Register the ports, egress addresses, and connection method in PPSM, the DoD DMZ/IAP allowlist, and SNAP (see Required services and ports and Egress IP addresses feed)"
Core: Cloud service,Monthly maintenance and service upgrades (Fortinet-operated),24.4.87 or earlier,NDM SRG-APP-000457-NDM-000352; NDM SRG-APP-001035-NDM-000340,Fortinet upgrades the service in the monthly maintenance window; subscribe to status notifications and review each release
Core: Cloud service,FortiGuard signature and database updates for the security profiles (Fortinet-operated),24.4.87 or earlier,ALG SRG-NET-000019-ALG-000019; ALG SRG-NET-000246-ALG-000132; ALG SRG-NET-000251-ALG-000131,— (Fortinet-operated; no tenant setting)
Core: Cloud service,System status notifications from the FortiSASE status page,24.4.87 or earlier,"No direct requirement; if unused, disable (NDM SRG-APP-000142-NDM-000245)",GUI: Monitoring > Dashboards > Status (Subscribe)
Core: Cloud service,"Subscriptions and licenses (Standard, Advanced, Comprehensive, and add-ons)",24.4.87 or earlier,"No direct requirement; if unused, disable (NDM SRG-APP-000142-NDM-000245)",—
Core: Administration,Portal sign-in with the primary FortiCloud account,24.4.87 or earlier,CC SRG-OS-000001-CLD-000010; NDM SRG-APP-000148-NDM-000346,Keep the primary FortiCloud account as the account of last resort; it is required for software audit and version settings
Core: Administration,Administrators as FortiCloud Identity & Access Management (IAM) users with FortiSASE access,24.4.87 or earlier,CC SRG-OS-000001-CLD-000010; NDM SRG-APP-000033-NDM-000212; NDM SRG-APP-000153-NDM-000249,Create an IAM user for each administrator and add FortiSASE to the services the user can access (see Signing in as an IAM user)
Core: Administration,External IdP administrators (SAML IdP roles for cloud products),24.4.87 or earlier,CC SRG-OS-000104-CLD-000065; NDM SRG-APP-000149-NDM-000247; NDM SRG-APP-000516-NDM-000336,Log administrators on through an external SAML IdP that enforces CAC (see Supporting external IdP users)
Core: Administration,MSSP portal with resource-based permissions,24.4.87 or earlier,NDM SRG-APP-000329-NDM-000287; NDM SRG-APP-000033-NDM-000212,"Grant MSSP administrators only the tenants and resources they manage (MSSP portal, Resource-based permissions)"
Core: Administration,"Administrator Events log (logins, MSSP portal access, and configuration changes)",24.4.87 or earlier,NDM SRG-APP-000503-NDM-000320; NDM SRG-APP-000343-NDM-000289; NDM SRG-APP-000100-NDM-000230,GUI: Operations > Logs > Events (Administrator Events)
Core: Administration,"Certificates for SSL deep inspection, SAML SSO, and LDAPS (local and remote CA certificates)",24.4.87 or earlier,NDM SRG-APP-000910-NDM-000300; ALG SRG-NET-000750-ALG-000140,GUI: System > Certificates (import only DoD-approved CA certificates)
Core: Administration,"HTML templates for block pages, captive portal pages, and the invitation email",24.4.87 or earlier,ALG SRG-NET-000041-ALG-000022,GUI: System > HTML templates (Captive Portal Login Page) (add the DoD notice and consent text)
Core: Administration,REST API (Appendix B),24.4.87 or earlier,NDM SRG-APP-000033-NDM-000212,Give API users only the permissions they need (see Appendix B - REST API)
Core: Logging,"Traffic, security, and event logs in the portal",24.4.87 or earlier,ALG SRG-NET-000074-ALG-000043; ALG SRG-NET-000077-ALG-000046; ALG SRG-NET-000079-ALG-000048; VPN SRG-NET-000492-VPN-001980,GUI: Operations > Logs > Traffic; GUI: Operations > Logs > Events
Core: Logging,Policy logging of allowed traffic,24.4.87 or earlier,ALG SRG-NET-000074-ALG-000043; ALG SRG-NET-000503-ALG-000038,GUI: Security > Traffic > Policies (Log Allowed Traffic: All Sessions)
Core: Logging,"Log forwarding to an external server (FortiAnalyzer, Syslog, or CEF)",24.4.87 or earlier,ALG SRG-NET-000334-ALG-000050; ALG SRG-NET-000511-ALG-000051; NDM SRG-APP-000515-NDM-000325; NDM SRG-APP-000516-NDM-000350; VPN SRG-NET-000334-VPN-001260,"GUI: Operations > Logs > Settings (Log Forwarding to Self-Managed Service, Reliable connection, Secure Connection, Forwarding frequency: Real Time)"
Core: Logging,Log forwarding to SOCaaS,24.4.87 or earlier,ALG SRG-NET-000383-ALG-000135,GUI: Operations > Logs > Settings (Log Forwarding to SOCaaS 24x7 managed security event monitoring)
Core: Logging,Log retention policy,24.4.87 or earlier,NDM SRG-APP-000515-NDM-000325,GUI: Operations > Logs > Settings (Log Retention (days)) (keep the long-term copy on the external server)
Core: Logging,Log anonymization,24.4.87 or earlier,ALG SRG-NET-000079-ALG-000048; NDM SRG-APP-000100-NDM-000230,GUI: Operations > Logs > Settings (leave Anonymization disabled unless the privacy officer requires it)
Core: Logging,Dashboards and FortiView monitors,24.4.87 or earlier,"No direct requirement; if unused, disable (NDM SRG-APP-000142-NDM-000245)",—
Core: Logging,Reports (scheduled and on demand),24.4.87 or earlier,"No direct requirement; if unused, disable (NDM SRG-APP-000142-NDM-000245)",—
Core: Secure internet access,FortiClient agent-based mode (SIA for remote users through the Cloud Security tunnel),24.4.87 or earlier,VPN SRG-NET-000371-VPN-001650; ALG SRG-NET-000313-ALG-000010,GUI: Endpoint management > Configuration > Connection
Core: Secure internet access,Agentless proxy mode (formerly SWG) with PAC files,24.4.87 or earlier,ALG SRG-NET-000018-ALG-000017; ALG SRG-NET-000131-ALG-000086,GUI: Network > Proxy configuration (disable proxy if unused)
Core: Secure internet access,FortiExtender edge devices (site-based SIA and LAN extension),24.4.87 or earlier,ALG SRG-NET-000018-ALG-000017,GUI: Operations > Connectivity > Edge devices > FortiExtenders
Core: Secure internet access,FortiGate edge devices (LAN extension),24.4.87 or earlier,ALG SRG-NET-000018-ALG-000017,GUI: Operations > Connectivity > Edge devices > FortiGates
Core: Secure internet access,FortiAP edge devices and SSIDs (site-based SIA),24.4.87 or earlier,ALG SRG-NET-000018-ALG-000017,GUI: Operations > Connectivity > Edge devices > FortiAPs
Core: Secure internet access,Captive portal for edge device users,24.4.87 or earlier,ALG SRG-NET-000138-ALG-000063; ALG SRG-NET-000041-ALG-000022,GUI: Security > Traffic > Policies (do not set Captive Portal Exempt except for documented devices)
Core: Secure internet access,SD-WAN On-Ramp (Branch On-ramp) IPsec connections from branch FortiGate devices,24.4.87 or earlier,VPN SRG-NET-000512-VPN-002220; ALG SRG-NET-000018-ALG-000017,GUI: Operations > Connectivity > On-ramp tunnel
Core: Secure internet access,Internet Access and Private Access policies (default Allow-All and Implicit Deny),24.4.87 or earlier,ALG SRG-NET-000202-ALG-000124; ALG SRG-NET-000018-ALG-000017; VPN SRG-NET-000019-VPN-000040; VPN SRG-NET-000015-VPN-000010,"GUI: Security > Traffic > Policies (replace the Allow-All policy with policies for approved users, destinations, and services)"
Core: Secure internet access,Proxy policies for agentless proxy users,24.4.87 or earlier,ALG SRG-NET-000202-ALG-000124; ALG SRG-NET-000018-ALG-000017,GUI: Security > Traffic > Proxy policies
Core: Secure internet access,Security profile groups,24.4.87 or earlier,ALG SRG-NET-000019-ALG-000018,GUI: Security > Traffic > Security profiles (apply a profile group to every Accept policy)
Core: Secure internet access,SSL inspection (certificate and deep inspection),24.4.87 or earlier,ALG SRG-NET-000019-ALG-000018; ALG SRG-NET-000164-ALG-000100; ALG SRG-NET-000062-ALG-000150,GUI: Security > Traffic > Security profiles (Deep Inspection)
Core: Secure internet access,AntiVirus profile,24.4.87 or earlier,ALG SRG-NET-000248-ALG-000133; ALG SRG-NET-000249-ALG-000134; ALG SRG-NET-000249-ALG-000145; ALG SRG-NET-000765-ALG-000170,GUI: Security > Traffic > Security profiles (enable AntiVirus in the profile group)
Core: Secure internet access,Intrusion prevention profile,24.4.87 or earlier,ALG SRG-NET-000390-ALG-000139; ALG SRG-NET-000391-ALG-000140; ALG SRG-NET-000318-ALG-000151,GUI: Security > Traffic > Security profiles (enable Intrusion prevention in the profile group)
Core: Secure internet access,File Filter profile,24.4.87 or earlier,ALG SRG-NET-000289-ALG-000110; ALG SRG-NET-000018-ALG-000017,GUI: Security > Traffic > Security profiles (enable File Filter in the profile group)
Core: Secure internet access,Data loss prevention (DLP) profile,24.4.87 or earlier,ALG SRG-NET-000018-ALG-000017,GUI: Security > Traffic > Security profiles (enable DLP in the profile group)
Core: Secure internet access,Web Filter profile with FortiGuard categories,24.4.87 or earlier,ALG SRG-NET-000019-ALG-000018; ALG SRG-NET-000288-ALG-000109,GUI: Security > Traffic > Security profiles (enable Web Filter in the profile group)
Core: Secure internet access,DNS Filter profile,24.4.87 or earlier,ALG SRG-NET-000019-ALG-000018,GUI: Security > Traffic > Security profiles (enable DNS Filter in the profile group)
Core: Secure internet access,Application Control With Inline-CASB,24.4.87 or earlier,ALG SRG-NET-000384-ALG-000136; ALG SRG-NET-000385-ALG-000137; ALG SRG-NET-000132-ALG-000087,GUI: Security > Traffic > Security profiles (enable Application Control With Inline-CASB in the profile group)
Core: Secure internet access,"External feeds (threat feeds) for Web Filter, DNS Filter, and policies",24.4.87 or earlier,ALG SRG-NET-000019-ALG-000018,GUI: Security > External feeds
Core: Secure internet access,DNS settings and split DNS rules,24.4.87 or earlier,"No direct requirement; if unused, disable (ALG SRG-NET-000131-ALG-000085)",GUI: Network > DNS
Core: Secure internet access,Geofencing (regional access and connection priority by country or region),24.4.87 or earlier,ALG SRG-NET-000364-ALG-000122,GUI: Network > Geofencing
Core: Secure internet access,Dedicated public IP addresses and source IP anchoring,24.4.87 or earlier,"No direct requirement; if unused, disable (ALG SRG-NET-000131-ALG-000085)",GUI: Network > IP management
Core: Remote access,FortiSASE Cloud Security tunnel (SSL or IPsec) and its tunnel settings (Fortinet-operated),24.4.87 or earlier,VPN SRG-NET-000371-VPN-001650; VPN SRG-NET-000062-VPN-000200; VPN SRG-NET-000512-VPN-002220,— (Fortinet-operated; tunnel settings are fixed; see Tunnel settings)
Core: Remote access,"Autoconnect to the Cloud Security tunnel, without a disconnect option",24.4.87 or earlier,VPN SRG-NET-000230-VPN-002436; ALG SRG-NET-000313-ALG-000010,"GUI: Endpoint management > Configuration > Connection (Endpoint connects to FortiSASE Cloud Security: Automatically, Show option to disconnect from security PoP: off)"
Core: Remote access,Split tunneling (steering bypass destinations),24.4.87 or earlier,VPN SRG-NET-000369-VPN-001620,GUI: Endpoint management > Configuration > Connection (Steering bypass destinations) (leave empty unless the AO approves split tunneling)
Core: Remote access,Custom tunnels and on-premise gateways in endpoint profiles,24.4.87 or earlier,VPN SRG-NET-000132-VPN-000460; VPN SRG-NET-000132-VPN-000450,GUI: Endpoint management > Configuration > Connection (Custom tunnels; remove unused tunnels)
Core: Remote access,Local users and user groups (invitation by email),24.4.87 or earlier,VPN SRG-NET-000138-VPN-000490; ALG SRG-NET-000138-ALG-000063; NDM SRG-APP-000148-NDM-000346,"GUI: Access & authentication > Access > Users and groups (prefer SSO, LDAP, or RADIUS users to local users)"
Core: Remote access,LDAP authentication source,24.4.87 or earlier,VPN SRG-NET-000166-VPN-000580; ALG SRG-NET-000138-ALG-000088,GUI: Access & authentication > Authentication Sources > LDAP
Core: Remote access,RADIUS authentication source,24.4.87 or earlier,VPN SRG-NET-000166-VPN-000580; VPN SRG-NET-000140-VPN-000500,GUI: Access & authentication > Authentication Sources > RADIUS
Core: Remote access,"SAML SSO for agents and proxy users (Entra ID, AD FS, Okta, FortiAuthenticator)",24.4.87 or earlier,VPN SRG-NET-000140-VPN-000500; VPN SRG-NET-000341-VPN-001350; ALG SRG-NET-000140-ALG-000094; CC SRG-OS-000104-CLD-000065,GUI: Access & authentication > Authentication Sources > SSO (use an IdP that enforces CAC)
Core: Remote access,PKI users for SPA service connections,24.4.87 or earlier,VPN SRG-NET-000166-VPN-000590; VPN SRG-NET-000164-VPN-000560,"GUI: Access & authentication > Access > PKI (Subject, CA)"
Core: Remote access,Connected Users monitor,24.4.87 or earlier,"No direct requirement; if unused, disable (NDM SRG-APP-000142-NDM-000245)",GUI: Operations > Connectivity > Connected users
Core: Secure private access,Secure private access (SPA) service connections to FortiGate SD-WAN hubs and SPA hubs,24.4.87 or earlier,VPN SRG-NET-000371-VPN-001650; VPN SRG-NET-000132-VPN-000460,GUI: Operations > Connectivity > Secure private access (configure the hub side to the FortiGate STIG)
Core: Secure private access,Agent-based ZTNA with ZTNA tags and access proxies (FortiGate application gateways),24.4.87 or earlier,ALG SRG-NET-000015-ALG-000016; VPN SRG-NET-000148-VPN-000540; VPN SRG-NET-000343-VPN-001370,GUI: Security > Traffic > ZTNA > Agent-based
Core: Endpoint,FortiClient endpoint onboarding with invitation codes,24.4.87 or earlier,VPN SRG-NET-000148-VPN-000540,GUI: Endpoint management > Configuration > Invitation codes
Core: Endpoint,Endpoint profiles and profile assignment (groups and AD users),24.4.87 or earlier,VPN SRG-NET-000148-VPN-000540,GUI: Endpoint management > Configuration > Groups & AD Users
Core: Endpoint,"Endpoint protection settings (malware protection, vulnerability scan, and removable media) assessed with FortiClient (Chapter 27)",24.4.87 or earlier,"No direct requirement; if unused, disable (NDM SRG-APP-000142-NDM-000245)",GUI: Endpoint management > Configuration > Protection
Core: Endpoint,FortiSASE Sandbox for endpoints,24.4.87 or earlier,"No direct requirement; if unused, disable (NDM SRG-APP-000142-NDM-000245)",GUI: Endpoint management > Configuration > Sandbox (Sandbox mode)
Core: Endpoint,ZTNA tagging rules (security posture tags),24.4.87 or earlier,VPN SRG-NET-000148-VPN-000540; VPN SRG-NET-000343-VPN-001370,GUI: Endpoint management > Security posture tags
Core: Endpoint,Managed endpoints list and FortiClient diagnostic logs,24.4.87 or earlier,"No direct requirement; if unused, disable (NDM SRG-APP-000142-NDM-000245)",GUI: Operations > Connectivity > Endpoints
Core: Endpoint,Enterprise mobility management (Intune and Jamf deployment of FortiClient),24.4.87 or earlier,"No direct requirement; if unused, disable (NDM SRG-APP-000142-NDM-000245)",—
Core: Endpoint,Digital experience monitoring (DEM),24.4.87 or earlier,"No direct requirement; if unused, disable (NDM SRG-APP-000142-NDM-000245)",—
Central management,"Central management using FortiManager (select availability): objects, security profiles, users, authentication sources, threat feeds, service groups, policy packages, schedules, and SSO settings",24.3.b+; 24.4.c+; 25.1.a+; 25.3.b+; 26.1.2+,NDM SRG-APP-000380-NDM-000304; NDM SRG-APP-000153-NDM-000249,"GUI: System > Central management (if used, restrict the FortiManager administrators and ADOM that manage FortiSASE; check Operations > Logs > Central management synchronizations)"
Authentication,"Fortinet single sign-on: FortiClient SSO mobility agent to FortiAuthenticator, multiple FortiAuthenticator addresses, and the FSSO collector agent",24.3.b+; 26.3.1+; v7.4 New features,ALG SRG-NET-000138-ALG-000088; ALG SRG-NET-000138-ALG-000063,GUI: Endpoint management > Configuration > FSSO; GUI: Access & authentication > Authentication Sources > Fortinet Single Sign On (FSSO)
Network,"Remote user identification by default on new instances (unique address ranges per PoP, no source NAT to SPA hubs)",24.3.b and later,ALG SRG-NET-000077-ALG-000046; ALG SRG-NET-000079-ALG-000048,GUI: Network > IP management > IPAM
Edge devices,"Edge device support: more FortiAP F, G, and K models, 6 GHz and LAN port profiles, and higher FortiExtender and FortiAP limits",24.3.b+; 24.4.c+; 25.1.b+; v7.4 New features,"No direct requirement; if unused, disable (ALG SRG-NET-000131-ALG-000085)",GUI: Operations > Connectivity > Edge devices > FortiAPs
Portal,"Portal GUI changes: themes, reorganized navigation, PoP map, URL without UI version, French and Japanese, and PoP icons, names, and region IDs",24.3.b+; 25.2.c+; 25.3.b+; 25.4.b+; 26.2.1+; 26.3.1+,"No direct requirement; if unused, disable (NDM SRG-APP-000142-NDM-000245)",—
Licensing,"Licensing: renewal notifications, License overview page, location add-on licenses, FortiFlex entitlements, SASE and SD-WAN bundles, Global Region and Global PoP add-ons, and FortiCASB data protection add-ons",24.3.b+; 24.4.c+; 25.2.a+; 26.1.1+; 26.3.1+,"No direct requirement; if unused, disable (NDM SRG-APP-000142-NDM-000245)",—
Secure private access,"SPA scale and routing: 12 service connections, easy configuration key, BGP MED, hub priority advertisement, eBGP with multiple AS, and external feeds and FSSO with BGP on loopback",24.3.b+; 24.4.b+; 25.1.c+; 25.3.a+; 26.1.2.2+; v7.4 New features,"No direct requirement; if unused, disable (ALG SRG-NET-000131-ALG-000085)",GUI: Network > BGP
Endpoint,"Endpoint upgrade: recommended FortiClient version notices, scheduled rollout per endpoint profile, deferred installation, and upgrade rules disabled for each new version",24.3.b+; 25.4.b+; 26.2.2.a+,NDM SRG-APP-001035-NDM-000340,GUI: Endpoint management > Endpoint upgrade (re-enable the upgrade rules after each new recommended version)
Locations,"New Fortinet Cloud and Public Cloud security PoP, data center, and endpoint management locations",24.3.b+; 24.4.c+; 25.1.c+; 25.3.a+; 25.4.a+; 26.1.1+; 26.2.1+; 26.3.1+,CC SRG-OS-000480-CLD-000035,GUI: Operations > Infrastructure (add only locations the authorizing official approves)
Agentless ZTNA,Agentless ZTNA to private web applications for contractors and temporary workers,24.3.c and later,ALG SRG-NET-000015-ALG-000016; ALG SRG-NET-000169-ALG-000102,GUI: Security > Traffic > ZTNA > Agentless (disable if unused)
Agentless ZTNA,Agentless ZTNA bookmark portal with per-user bookmark policies (up to 200 applications per policy),24.3.c+; 25.1.b+; 25.2.a+,ALG SRG-NET-000015-ALG-000016,GUI: Security > Traffic > ZTNA > Agentless
Policies,"Geography-based access: agentless ZTNA by geography, and geography addresses as policy source",24.3.c+; 25.4.c+,ALG SRG-NET-000364-ALG-000122,GUI: Network > Geofencing; GUI: Security > Traffic > Policies
Remote browser isolation,"Remote browser isolation (beta in 24.3.c, limited categories in 25.2.c, tenant-based yearly data limit in 25.3.a, select availability in 26.1.2.1)",24.3.c+; 25.2.c+; 25.3.a+; 26.1.2.1+,"No direct requirement; if unused, disable (ALG SRG-NET-000131-ALG-000085)",GUI: System > Remote Browser Isolation (Enable: off)
Geofencing,"Geofencing for regional compliance: PoP or on-premise device per country or region, with priority and failover",24.3.c+; 25.1.b+,CC SRG-OS-000480-CLD-000035,GUI: Network > Geofencing
Digital experience,"DEM trials, TCP latency (beta), traceroute path diagram, and SaaS monitoring enhancements",24.3.c+; 25.1.b+; 25.3.a+; 26.1.1+,"No direct requirement; if unused, disable (NDM SRG-APP-000142-NDM-000245)",—
Security profiles,Video filter profiles,24.3.c and later,ALG SRG-NET-000019-ALG-000018,GUI: Security > Traffic > Security profiles (Video Filter)
Monitoring,"Connected Users and endpoint details: group membership, tunnel IP address, agent session, and last seen time",24.3.c+; 25.1.c+,"No direct requirement; if unused, disable (NDM SRG-APP-000142-NDM-000245)",—
Remote access,Authentication timeout and idle timeout for agent-based remote users (120 to 172800 seconds from 26.3.1),24.3.c+; 26.3.1+,VPN SRG-NET-000213-VPN-000721; ALG SRG-NET-000337-ALG-000096,"GUI: Endpoint management > Configuration > Global (Authentication timeout, Idle timeout)"
Network,"IP address management: IP pools and excluded subnets, edge device ranges per PoP, IPAM usage chart, and a custom management subnet",24.4.a+; 25.3.b+; 26.1.1+,"No direct requirement; if unused, disable (ALG SRG-NET-000131-ALG-000085)",—
Edge devices,Wi-Fi client monitoring for FortiAP edge devices,24.4.a and later,"No direct requirement; if unused, disable (ALG SRG-NET-000131-ALG-000085)",—
Secure private access,"SPA monitoring: SLA thresholds per PoP, application monitoring, and hub monitoring",24.4.a+; 25.3.a+; v7.4 New features,"No direct requirement; if unused, disable (ALG SRG-NET-000131-ALG-000085)",—
Security profiles,Application control network protocol enforcement,24.4.a and later,ALG SRG-NET-000132-ALG-000087; ALG SRG-NET-000384-ALG-000136,GUI: Security > Traffic > Security profiles (Application Control With Inline-CASB)
Diagnostics,Real-time packet capture on security PoPs,24.4.a and later,NDM SRG-APP-000408-NDM-000314,GUI: Operations > Connectivity > Connected users (Packet capture; restrict to authorized administrators)
Posture,"Security posture tagging rules: negated domain, FortiClient version, security status, CVEs, AND and OR logic, combined Tagging rules tab, and CrowdStrike ZTA scores",24.4.a+; 25.3.a+; 25.4.c+,VPN SRG-NET-000148-VPN-000540; VPN SRG-NET-000343-VPN-001370,GUI: Endpoint management > Security posture tags > Tagging rules
Logging,FortiClient event logs from endpoints (select availability),24.4.b and later,ALG SRG-NET-000074-ALG-000043; VPN SRG-NET-000492-VPN-001980,GUI: Operations > Logs > Events
Remote access,"Network lockdown of off-net FortiClient endpoints, strict lockdown, exempt destinations, and captive portal handling",24.4.b+; 25.1.b+; 25.4.b+; 26.2.1+,VPN SRG-NET-000230-VPN-002436,"GUI: Endpoint management > Configuration > Connection (Lockdown endpoint when off-net: on, Grace period, Exempt destinations)"
Edge devices,FortiBranchSASE device integration,24.4.b and later,"No direct requirement; if unused, disable (ALG SRG-NET-000131-ALG-000085)",—
Agentless ZTNA,SSO authentication before the agentless ZTNA bookmark portal,24.4.b and later,ALG SRG-NET-000138-ALG-000063; ALG SRG-NET-000140-ALG-000094,GUI: Access & authentication > Authentication Sources > SSO > Proxy
Remote access,"Split tunneling by on-net status, and the All traffic option for Bypass FortiSASE",24.4.b+; 26.2.2.a+,VPN SRG-NET-000369-VPN-001620,GUI: Endpoint management > Configuration > Connection (Steering bypass destinations) (do not use All traffic unless the AO approves split tunneling)
Remote access,"IPsec remote user connectivity: default on new instances (24.4.b.1), hybrid IPsec and SSL mode (25.4.b), and SSL to IPsec transition mode for all SSL instances (26.3.1)",24.4.b.1+; 25.4.b+; 26.3.1+,VPN SRG-NET-000512-VPN-002220; VPN SRG-NET-000132-VPN-000460; VPN SRG-NET-000530-VPN-002340,GUI: Operations > Software audit & version (complete the migration to IPsec)
Endpoint,"New recommended and supported FortiClient versions and installers (7.2.6 to 7.4.8, Linux, Android, iOS, Windows ARM, and MSI)",24.4.c+; 25.1.a+; 25.2.a+; 25.3.a+; 25.4.c+; 26.1.1.2+; 26.2.1+,NDM SRG-APP-001035-NDM-000340,GUI: Endpoint management > Endpoint upgrade
Endpoint,"Endpoint vulnerability scanning and automatic patching (profiles, Vulnerability Summary widget, Endpoint details pane, scan on software change)",25.1.a+; 26.1.2.1+; 26.2.1+,"No direct requirement; if unused, disable (NDM SRG-APP-000142-NDM-000245)",GUI: Endpoint management > Configuration > Protection (Trigger vulnerability scan on software change: on)
Policies,"Schedules, service groups, and one-time schedules in policies and proxy policies",25.1.a+; 25.4.b+,ALG SRG-NET-000018-ALG-000017,GUI: Security > Resources > Schedules; GUI: Security > Traffic > Policies (Schedule)
Policies,Policy comments and sequence numbers,25.1.a+; 25.3.a+,"No direct requirement; if unused, disable (NDM SRG-APP-000142-NDM-000245)","GUI: Security > Traffic > Policies (Comments, Sequence Number)"
Remote access,Personal VPN settings on FortiClient per endpoint profile,25.1.a and later,VPN SRG-NET-000132-VPN-000450,Do not allow personal VPN settings on endpoint profiles for users; the 7.4 Administration Guide does not name this setting
Remote access,Local network access while connected to SIA,25.1.a and later,VPN SRG-NET-000369-VPN-001620,GUI: Endpoint management > Configuration > Connection (Allow local LAN access: off)
API,"REST API extensions: security profiles, user groups, authentication sources, data transfer statistics, and posture tag references",25.1.a+; 25.4.c+; 26.2.2+,"No direct requirement; if unused, disable (NDM SRG-APP-000142-NDM-000245)",—
Onboarding,"Authenticated onboarding: SAML SSO before onboarding with an invitation code (select availability), and Entra ID onboarding",25.1.a+; 25.4.b+,ALG SRG-NET-000138-ALG-000063; VPN SRG-NET-000148-VPN-000540,GUI: Access & authentication > Authentication Sources > SSO > Authenticated onboarding
Locations,"Adding, changing, disabling, decommissioning, and migrating security PoPs",25.1.a+; 26.2.1+,CC SRG-OS-000480-CLD-000035,GUI: Operations > Infrastructure
Branch On-ramp,"Branch On-ramp licensing and scale: connection add-on, up to 20 PoPs, Standard subscription, simplified licensing, and location licenses",25.1.b+; 25.2.b+; 25.3.b+; 26.1.2.1+,"No direct requirement; if unused, disable (ALG SRG-NET-000131-ALG-000085)",—
Endpoint,Cloning endpoint profiles,25.1.b and later,"No direct requirement; if unused, disable (NDM SRG-APP-000142-NDM-000245)",—
Agent-based ZTNA,"ZTNA application gateways and destinations under Agent-based ZTNA, with destinations as IP ranges or subnets",25.1.b+; v7.4 New features,ALG SRG-NET-000015-ALG-000016,GUI: Security > Traffic > ZTNA > Agent-based
Endpoint,Signing the preconfigured FortiClient installer with your own CA certificate,25.1.b and later,NDM SRG-APP-000131-NDM-000243,Request signing with your CA certificate through a FortiCare Support ticket
Remote access,"Pre-logon tunnels: IKEv2 with SHA256 and DH group 15 (25.2.a), certificate-based tunnels to the nearest PoP (25.4.b), and pre-logon SPA and SIA policies (26.2.1)",25.2.a+; 25.4.b+; 26.2.1+,VPN SRG-NET-000132-VPN-000460; VPN SRG-NET-000019-VPN-000040,GUI: Endpoint management > Configuration > Pre-logon tunnel
Provisioning,Improved site provisioning with recovery,25.2.b and later,"No direct requirement; if unused, disable (NDM SRG-APP-000142-NDM-000245)",—
Administration,"Software audit best practices: audit page, login prompt, Secure Proxy migration, and SOCaaS log forwarding",25.2.c+; 25.3.b+,NDM SRG-APP-000516-NDM-000317,GUI: Operations > Software audit & version
Network,Dedicated public IP addresses with the Standard subscription,25.2.c and later,"No direct requirement; if unused, disable (ALG SRG-NET-000131-ALG-000085)",—
Portal,"FortiSASE v7.4 capabilities on new instances, and the v7.4 or v7.2 version tag",25.2.c+; 25.3.b+,"No direct requirement; if unused, disable (NDM SRG-APP-000142-NDM-000245)",—
CASB,Integrated FortiCASB API-based CASB,25.2.c and later,"No direct requirement; if unused, disable (ALG SRG-NET-000131-ALG-000085)",GUI: System > API-based CASB
Security profiles,"DLP enhancements: Exact Data Matching, IDM fingerprinting, and FortiGuard DLP service sensors and dictionaries",25.2.c+; 25.3.b+,ALG SRG-NET-000018-ALG-000017,"GUI: Security > Traffic > Security profiles (DLP, Profile resources)"
Branch On-ramp,"Branch On-ramp IPsec connections from third-party devices, with the Local ID type for custom devices",25.2.c+; 26.2.2+,VPN SRG-NET-000512-VPN-002220; VPN SRG-NET-000132-VPN-000460,GUI: Operations > Connectivity > On-ramp tunnel
DNS,"DNS handling: transparent DNS redirection, DNS suffixes and DNS resolution for IPsec tunnels, and registering addresses in DNS",25.2.c+; 25.4.c+; 26.3.1+,"No direct requirement; if unused, disable (ALG SRG-NET-000131-ALG-000085)",GUI: Network > DNS
Logging,Seven-day log retention for newly provisioned instances,25.3.a and later,NDM SRG-APP-000515-NDM-000325; ALG SRG-NET-000334-ALG-000050,GUI: Operations > Logs > Settings (Log Retention (days)) (forward logs to an external server)
Proxy,"Secure explicit proxy, and the hosted PAC file editor",25.3.a and later,ALG SRG-NET-000062-ALG-000150,GUI: Network > Proxy configuration > Hosted PAC files
Security profiles,Inspecting or blocking QUIC (HTTP/3) traffic,25.3.a and later,ALG SRG-NET-000019-ALG-000018,GUI: Security > Traffic > Security profiles (QUIC)
Remote access,Additional trusted remote gateways as failover for the Cloud Security tunnel,25.3.a and later,VPN SRG-NET-000132-VPN-000460,GUI: Endpoint management > Configuration > Connection (Failover sequence) (configure each gateway with the FortiClient tunnel settings)
Policies,Endpoint-to-endpoint communication through an SPA hub,25.3.a and later,ALG SRG-NET-000202-ALG-000124,GUI: Security > Traffic > Policies (allow only the required endpoint-to-endpoint traffic)
Maintenance,"Preferred maintenance window slots, including a Japan window",25.3.a+; 26.1.1+,NDM SRG-APP-000457-NDM-000352,GUI: Operations > Software audit & version
Network,"IP anchoring: public IP by user group, country or region, and destination, source IP anchoring for Public Cloud locations, on-ramp IP anchoring, and editing PoP public IP addresses",25.3.a+; 26.1.1+; 26.3.1+; v7.4 New features,"No direct requirement; if unused, disable (ALG SRG-NET-000131-ALG-000085)",GUI: Network > IP management > Public IP
Posture,Pre-connection posture checks for the Cloud Security tunnel and custom IPsec tunnels,25.3.a and later,VPN SRG-NET-000343-VPN-001370; VPN SRG-NET-000148-VPN-000540,GUI: Endpoint management > Configuration > Connection (Run posture check before initiating FortiSASE Cloud Security tunnel: on)
Edge devices,Captive portal replacement message for edge devices,25.3.a and later,ALG SRG-NET-000041-ALG-000022,GUI: System > HTML templates (Captive Portal Login Page)
Authentication,"FIDO2 authentication for agent tunnels, and the FortiClient built-in browser for SAML SSO",25.3.b+; 25.4.b+,VPN SRG-NET-000140-VPN-000500; ALG SRG-NET-000140-ALG-000094,"GUI: Endpoint management > Configuration > Connection (Use FortiClient built-in browser for SAML authentication: on, Allow FIDO authentication)"
Security profiles,Content disarm and reconstruction (CDR) in the AntiVirus profile,25.3.b and later,ALG SRG-NET-000765-ALG-000170; ALG SRG-NET-000249-ALG-000134,GUI: Security > Traffic > Security profiles (AntiVirus)
Agentless ZTNA,Custom domain and certificate for ZTNA private applications,25.3.c and later,ALG SRG-NET-000062-ALG-000150; NDM SRG-APP-000910-NDM-000300,GUI: Security > Traffic > ZTNA > Agentless (use a certificate from a DoD-approved CA)
Security profiles,"Web Filter URL filter priority, search keyword logging, and category tooltips",25.3.c and later,ALG SRG-NET-000019-ALG-000018; ALG SRG-NET-000074-ALG-000043,GUI: Security > Traffic > Security profiles (Web Filter)
Security profiles,"Application control filter overrides, custom application and IPS signatures, and IPS custom filters",25.3.c+; v7.4 New features,ALG SRG-NET-000384-ALG-000136; ALG SRG-NET-000390-ALG-000139,"GUI: Security > Traffic > Security profiles (Application Control With Inline-CASB, Intrusion prevention)"
Reports,"Endpoint vulnerability, SPA, and Cloud Security Usage reports",25.3.c+; 25.4.b+,"No direct requirement; if unused, disable (NDM SRG-APP-000142-NDM-000245)",—
Administration,"Administrator logins, configuration audit logs, and user audit logs, with a required change summary",25.3.c and later,NDM SRG-APP-000343-NDM-000289; NDM SRG-APP-000380-NDM-000304; NDM SRG-APP-000503-NDM-000320,GUI: System > Administration (Require comments for configuration audit log: on)
Administration,Automation page for alert emails on unstable SPA connections,25.3.c+; 25.4.b+,"No direct requirement; if unused, disable (NDM SRG-APP-000142-NDM-000245)",GUI: Operations > Administration > Automation
Agentless ZTNA,SAML single sign-out in the agentless ZTNA bookmark portal,25.4.b and later,ALG SRG-NET-000518-ALG-000007,GUI: Security > Traffic > ZTNA > Agentless
Administration,Factory reset of an instance (principal FortiCloud account only),25.4.b and later,NDM SRG-APP-000408-NDM-000314,GUI: System > Backup and restore > Factory Reset (keep the principal account restricted)
Provisioning,Simplified security PoP selection,25.4.b and later,"No direct requirement; if unused, disable (NDM SRG-APP-000142-NDM-000245)",—
Remote access,"IPsec over TCP port 443, and a per-profile override to TCP",25.4.c+; 26.2.1+,"No direct requirement; if unused, disable (ALG SRG-NET-000131-ALG-000085)",GUI: Endpoint management > Configuration > Global (FortiSASE Cloud Security Tunnel encapsulation)
Agent-based ZTNA,ZTNA automatic login using OAuth with Entra ID,25.4.c and later,ALG SRG-NET-000138-ALG-000063,GUI: Endpoint management > Configuration > ZTNA
Posture,Sharing posture with ZTNA application gateways: learned tags (Record client tags and information) and endpoint host tags,25.4.c+; v7.4 New features,ALG SRG-NET-000015-ALG-000016; VPN SRG-NET-000148-VPN-000540,GUI: Endpoint management > Security posture tags (Record client tags and information)
Authentication,"SCIM user provisioning from Entra ID, FortiAuthenticator, and Okta (select availability)",25.4.c+; 26.2.2+,ALG SRG-NET-000138-ALG-000088,GUI: Access & authentication > Access > Users and groups > SCIM users and groups
Central management,Central management for MSSP tenants with a FortiManager key,25.4.c and later,NDM SRG-APP-000380-NDM-000304,GUI: System > Central management (revoke the FortiManager key when parent OU management is not approved)
Agent-based ZTNA,Disabling agent-based ZTNA on FortiClient per endpoint profile,26.1.1 and later,"No direct requirement; if unused, disable (ALG SRG-NET-000131-ALG-000085)",GUI: Endpoint management > Configuration > ZTNA
Endpoint,"FortiClient GUI and control settings: selected tabs, debug log level, shutdown, inventory, DNS bypass, and certificate warnings",26.1.1+; 26.3.1+,"No direct requirement; if unused, disable (NDM SRG-APP-000142-NDM-000245)",GUI: Endpoint management > Configuration > FortiClient GUI Settings
Logging,Additional log forwarding server,26.1.1 and later,NDM SRG-APP-000516-NDM-000350; ALG SRG-NET-000334-ALG-000050,GUI: Operations > Logs > Settings (Log Forwarding to Self-Managed Service)
Logging,Log forwarding to FortiAnalyzer Cloud,26.1.1 and later,ALG SRG-NET-000334-ALG-000050; NDM SRG-APP-000515-NDM-000325,GUI: Operations > Logs > Settings (Log forwarding to FortiAnalyzer Cloud)
Remote access,Updating the IPsec pre-shared key of the Cloud Security tunnel,26.1.1.1 and later,VPN SRG-NET-000343-VPN-001370,GUI: Endpoint management > Configuration > Global (Pre-shared key)
Remote access,"Autoconnect using the session resumption timeout, and the internet check before autoconnect",26.1.1.1 and later,VPN SRG-NET-000230-VPN-002436,GUI: Endpoint management > Configuration > Global (Session resumption timeout)
Policies,Bandwidth control policies and profiles,26.1.2 and later,"No direct requirement; if unused, disable (ALG SRG-NET-000131-ALG-000085)",GUI: Security > Traffic > Bandwidth control
Secure Browser,"FortiSASE Secure Browser extension for unmanaged devices (select availability), with SSO domain integration",26.1.2.1+; 26.2.2+,"No direct requirement; if unused, disable (ALG SRG-NET-000131-ALG-000085)",GUI: Security > Browser
Remote access,IPsec dead peer detection customization (select availability),26.1.2.1 and later,"No direct requirement; if unused, disable (ALG SRG-NET-000131-ALG-000085)",GUI: Endpoint management > Configuration > Connection (Dead peer detection)
CASB,FortiCASB-SSPM integration (SaaS security posture management),26.2.1 and later,"No direct requirement; if unused, disable (ALG SRG-NET-000131-ALG-000085)",—
Authentication,"LDAP authentication for IPsec agent tunnels (EAP for LDAP authentication), and the RADIUS server timeout",26.2.1 and later,VPN SRG-NET-000166-VPN-000580,GUI: Endpoint management > Configuration > Global (EAP for LDAP authentication); GUI: Access & authentication > Authentication Sources > RADIUS
Endpoint,On connect and on disconnect scripts,26.2.1 and later,"No direct requirement; if unused, disable (NDM SRG-APP-000142-NDM-000245)",GUI: Endpoint management > Configuration > Connection (On connect script) (leave empty unless reviewed)
Agent-based ZTNA,"BYOD enrollment through MDM with ZTNA client certificates (iOS, Intune and Jamf)",26.2.1 and later,VPN SRG-NET-000343-VPN-001370,GUI: System > UEM integration
Endpoint,"FortiPAM integration, and the FortiPAM agent in the FortiClient installer",26.2.1+; v7.4 New features,"No direct requirement; if unused, disable (NDM SRG-APP-000142-NDM-000245)",—
Endpoint,"Endpoint management navigation renamed, and endpoint inactivity disable and delete settings",26.2.1 and later,"No direct requirement; if unused, disable (NDM SRG-APP-000142-NDM-000245)",GUI: Endpoint management > Configuration > Global (Endpoint inactivity)
Authentication,Active Directory connector API key for a private AD server,26.2.2 and later,ALG SRG-NET-000138-ALG-000088,GUI: Access & authentication > Authentication Sources > Domains
Agent-based ZTNA,ZTNA UDP traffic forwarding,26.2.2 and later,"No direct requirement; if unused, disable (ALG SRG-NET-000131-ALG-000085)",—
Locations,"Best practice and notices to migrate to newer, faster security PoPs (including Branch On-ramp PoPs)",26.2.2+; 26.3.1.a+,CC SRG-OS-000480-CLD-000035,GUI: Operations > Software audit & version (migrate only to approved locations)
Diagnostics,Network Tools speed test page,26.2.2 and later,"No direct requirement; if unused, disable (NDM SRG-APP-000142-NDM-000245)",—
Authentication,SAML IdP metadata import,26.3.1 and later,ALG SRG-NET-000138-ALG-000088,GUI: Access & authentication > Authentication Sources > SSO
Remote access,Manual quarantine of managed FortiClient endpoints,26.3.1 and later,VPN SRG-NET-000314-VPN-001060; ALG SRG-NET-000314-ALG-000013,GUI: Operations > Connectivity > Endpoints (Quarantine endpoint)
Agent-based ZTNA,FortiGate access keys for ZTNA application gateways in other FortiCloud accounts,26.3.1 and later,ALG SRG-NET-000015-ALG-000016,GUI: Security > Traffic > ZTNA > Agent-based > Access keys (revoke unused keys)
Administration,Portal session timeout (5 to 480 minutes),26.3.1 and later,NDM SRG-APP-000190-NDM-000267,GUI: System > Administration (Session timeout: 5)
Administration,"Backup and restore of selected configuration settings (select availability, up to 10 backups)",26.3.1 and later,NDM SRG-APP-000516-NDM-000340,GUI: System > Backup and restore > Configuration revisions
Security profiles,"File Filter blocking of password-protected files, and profile group protocol options for unknown content and oversized files",v7.4 (release not listed) and later,ALG SRG-NET-000019-ALG-000018,GUI: Security > Traffic > Security profiles (File Filter)
